Date,temp_2m_K,dewpoint_2m_K,u_wind_10m,v_wind_10m,temp_2m_C,dewpoint_2m_C,wind_speed_10m
2025-01-01,278.28155517578125,271.31036376953125,-0.7775325775146484,-1.541707992553711,5.131555175781273,-1.8396362304687273,1.726679021532539
2025-01-02,278.73916015625,272.4974609375,-0.8736364364624023,-1.4547775268554688,5.589160156250022,-0.6525390624999772,1.7165008969299695
2025-01-03,279.19676513671874,273.68455810546874,-0.9697402954101563,-1.3678470611572267,6.046765136718773,0.5345581054687729,1.7063227723274002
2025-01-04,279.6543701171875,274.8716552734375,-1.0658441543579102,-1.2809165954589843,6.504370117187523,1.721655273437523,1.6961446477248305
2025-01-05,280.1119750976562,276.0587524414062,-1.161948013305664,-1.1939861297607421,6.961975097656273,2.908752441406273,1.6859665231222611
2025-01-06,280.569580078125,277.245849609375,-1.258051872253418,-1.1070556640625,7.419580078125023,4.095849609375023,1.6757883985196917
2025-01-07,280.43499145507815,277.3671020507812,-1.5288520812988282,-1.0107433319091796,7.284991455078147,4.217102050781273,1.8778108819594554
2025-01-08,280.30040283203124,277.4883544921875,-1.7996522903442382,-0.9144309997558594,7.150402832031273,4.338354492187523,2.079833365399219
2025-01-09,280.1658142089844,277.60960693359374,-2.0704524993896483,-0.818118667602539,7.015814208984398,4.459606933593773,2.281855848838983
2025-01-10,280.0312255859375,277.730859375,-2.3412527084350585,-0.7218063354492188,6.881225585937523,4.580859375000022,2.4838783322787465
2025-01-11,279.8966369628906,277.85211181640625,-2.6120529174804688,-0.6254940032958984,6.746636962890648,4.702111816406273,2.6859008157185102
2025-01-12,279.65679931640625,276.3566467285156,-2.3205833435058594,-0.8367750167846679,6.506799316406273,3.206646728515648,2.556746545435802
2025-01-13,279.4169616699219,274.861181640625,-2.02911376953125,-1.0480560302734374,6.266961669921898,1.7111816406250226,2.427592275153094
2025-01-14,279.1771240234375,273.3657165527344,-1.7376441955566406,-1.2593370437622071,6.027124023437523,0.21571655273439738,2.2984380048703854
2025-01-15,278.9372863769531,271.87025146484376,-1.4461746215820312,-1.4706180572509766,5.787286376953148,-1.2797485351562274,2.169283734587677
2025-01-16,278.69744873046875,270.3747863769531,-1.1547050476074219,-1.681899070739746,5.547448730468773,-2.7752136230468523,2.040129464304969
2025-01-17,278.6477416992187,269.96893920898435,-1.0007057189941406,-1.8879459381103516,5.497741699218773,-3.1810607910156024,2.179960055465303
2025-01-18,278.59803466796876,269.56309204101564,-0.8467063903808594,-2.093992805480957,5.448034667968773,-3.5869079589843524,2.319790646625637
2025-01-19,278.54832763671874,269.15724487304686,-0.6927070617675781,-2.3000396728515624,5.398327636718773,-3.992755126953102,2.4596212377859707
2025-01-20,278.4986206054688,268.75139770507815,-0.5387077331542969,-2.506086540222168,5.348620605468772,-4.398602294921853,2.5994518289463047
2025-01-21,278.44891357421875,268.3455505371094,-0.3847084045410156,-2.7121334075927734,5.298913574218773,-4.804449462890602,2.7392824201066386
2025-01-22,278.447412109375,269.56389770507815,-0.38591766357421875,-2.744050216674805,5.297412109375022,-3.586102294921852,2.7710620414212284
2025-01-23,278.44591064453124,270.78224487304686,-0.3871269226074219,-2.775967025756836,5.295910644531273,-2.367755126953102,2.8028416627358177
2025-01-24,278.4444091796875,272.00059204101564,-0.388336181640625,-2.8078838348388673,5.294409179687523,-1.149407958984352,2.8346212840504075
2025-01-25,278.4429077148437,273.21893920898435,-0.3895454406738281,-2.8398006439208983,5.292907714843773,0.06893920898439809,2.866400905364997
2025-01-26,278.44140625,274.4372863769531,-0.39075469970703125,-2.8717174530029297,5.291406250000023,1.2872863769531477,2.8981805266795866
2025-01-27,278.8398803710937,275.0247863769531,-0.5790519714355469,-2.521079254150391,5.689880371093773,1.8747863769531476,2.6664505969976497
2025-01-28,279.2383544921875,275.61228637695314,-0.7673492431640625,-2.1704410552978515,6.088354492187523,2.4622863769531476,2.434720667315713
2025-01-29,279.63682861328124,276.1997863769531,-0.9556465148925781,-1.8198028564453126,6.486828613281273,3.049786376953148,2.202990737633776
2025-01-30,280.035302734375,276.78728637695315,-1.1439437866210938,-1.4691646575927735,6.885302734375022,3.637286376953148,1.9712608079518388
2025-01-31,280.43377685546875,277.3747863769531,-1.3322410583496094,-1.1185264587402344,7.283776855468773,4.224786376953148,1.739530878269902
2025-02-01,279.82574462890625,276.5122863769531,-1.2313657760620118,-1.2367893218994142,6.675744628906273,3.362286376953148,1.7715676113731413
2025-02-02,279.21771240234375,275.6497863769531,-1.130490493774414,-1.3550521850585937,6.067712402343773,2.4997863769531476,1.8036043444763807
2025-02-03,278.60968017578125,274.78728637695315,-1.0296152114868165,-1.4733150482177735,5.459680175781273,1.6372863769531474,1.8356410775796201
2025-02-04,278.00164794921875,273.92478637695314,-0.9287399291992188,-1.591577911376953,4.851647949218773,0.7747863769531476,1.8676778106828595
2025-02-05,277.39361572265625,273.0622863769531,-0.8278646469116211,-1.7098407745361328,4.243615722656273,-0.08771362304685226,1.899714543786099
2025-02-06,276.98927001953126,273.0122863769531,-1.0436269760131835,-1.3302413940429687,3.8392700195312726,-0.13771362304685225,1.9029591720157604
2025-02-07,276.5849243164063,272.9622863769531,-1.259389305114746,-0.9506420135498047,3.434924316406273,-0.18771362304685227,1.9062038002454218
2025-02-08,276.1805786132812,272.91228637695315,-1.4751516342163087,-0.5710426330566407,3.0305786132812726,-0.23771362304685228,1.909448428475083
2025-02-09,275.77623291015624,272.86228637695314,-1.6909139633178711,-0.1914432525634766,2.626232910156273,-0.2877136230468523,1.9126930567047444
2025-02-10,275.37188720703125,272.8122863769531,-1.9066762924194336,0.1881561279296875,2.2218872070312727,-0.33771362304685226,1.9159376849344059
2025-02-11,275.76390380859374,273.1443359375,-1.5777070999145508,-0.25717926025390625,2.613903808593773,-0.0056640624999772515,1.9438035375036424
2025-02-12,276.1559204101562,273.47638549804685,-1.248737907409668,-0.7025146484375,3.0059204101562726,0.32638549804689776,1.971669390072879
2025-02-13,276.5479370117188,273.8084350585938,-0.9197687149047851,-1.1478500366210938,3.397937011718773,0.6584350585937728,1.9995352426421156
2025-02-14,276.93995361328126,274.14048461914064,-0.5907995223999023,-1.5931854248046875,3.7899536132812726,0.9904846191406478,2.027401095211352
2025-02-15,277.33197021484375,274.4725341796875,-0.26183032989501953,-2.0385208129882812,4.181970214843773,1.3225341796875227,2.0552669477805887
2025-02-16,278.29368896484374,275.56548461914065,-0.3454792022705078,-2.200353240966797,5.143688964843773,2.415484619140648,2.2297662812654506
2025-02-17,279.2554077148437,276.65843505859374,-0.4291280746459961,-2.3621856689453127,6.105407714843773,3.508435058593773,2.4042656147503125
2025-02-18,280.2171264648438,277.7513854980469,-0.5127769470214844,-2.524018096923828,7.067126464843772,4.6013854980468984,2.5787649482351744
2025-02-19,281.17884521484376,278.8443359375,-0.5964258193969727,-2.6858505249023437,8.028845214843773,5.694335937500023,2.753264281720037
2025-02-20,282.14056396484375,279.9372863769531,-0.6800746917724609,-2.8476829528808594,8.990563964843773,6.787286376953148,2.9277636152048987
2025-02-21,282.2581298828125,280.16228637695315,-0.5113143920898438,-2.5863189697265625,9.108129882812523,7.012286376953147,2.6521183213322215
2025-02-22,282.3756958007813,280.3872863769531,-0.34255409240722656,-2.3249549865722656,9.225695800781272,7.237286376953148,2.3764730274595447
2025-02-23,282.49326171875,280.61228637695314,-0.17379379272460938,-2.0635910034179688,9.343261718750023,7.462286376953148,2.1008277335868675
2025-02-24,282.61082763671874,280.8372863769531,-0.0050334930419921875,-1.8022270202636719,9.460827636718772,7.687286376953148,1.8251824397141905
2025-02-25,282.7283935546875,281.0622863769531,0.163726806640625,-1.540863037109375,9.578393554687523,7.912286376953148,1.5495371458415135
2025-02-26,282.59962158203126,280.79840087890625,0.7128820419311523,-1.0113048553466797,9.449621582031273,7.648400878906273,1.8622209765471014
2025-02-27,282.470849609375,280.5345153808594,1.2620372772216797,-0.4817466735839844,9.320849609375022,7.384515380859398,2.1749048072526893
2025-02-28,282.3420776367187,280.2706298828125,1.811192512512207,0.04781150817871094,9.192077636718773,7.120629882812523,2.4875886379582774
2025-03-01,282.2133056640625,280.0067443847656,2.3603477478027344,0.5773696899414062,9.063305664062522,6.856744384765648,2.8002724686638656
2025-03-02,282.08453369140625,279.74285888671875,2.9095029830932617,1.1069278717041016,8.934533691406273,6.592858886718773,3.1129562993694533
2025-03-03,281.14755859375,278.93174438476564,2.0245439529418947,0.688006591796875,7.997558593750023,5.781744384765648,2.852117398311536
2025-03-04,280.21058349609376,278.1206298828125,1.1395849227905273,0.26908531188964846,7.060583496093773,4.970629882812522,2.591278497253619
2025-03-05,279.2736083984375,277.30951538085935,0.2546258926391598,-0.14983596801757804,6.123608398437523,4.159515380859398,2.330439596195702
2025-03-06,278.3366333007813,276.49840087890624,-0.6303331375122072,-0.5687572479248046,5.186633300781272,3.348400878906273,2.069600695137785
2025-03-07,277.399658203125,275.6872863769531,-1.5152921676635742,-0.9876785278320312,4.249658203125023,2.5372863769531477,1.8087617940798677
2025-03-08,278.7594909667969,276.6722473144531,-1.609653854370117,-0.6533184051513672,5.609490966796898,3.5222473144531476,1.867323214587916
2025-03-09,280.11932373046875,277.65720825195314,-1.7040155410766602,-0.3189582824707031,6.969323730468773,4.507208251953148,1.9258846350959642
2025-03-10,281.4791564941406,278.6421691894531,-1.798377227783203,0.015401840209960938,8.329156494140648,5.492169189453148,1.9844460556040127
2025-03-11,282.8389892578125,279.62713012695315,-1.8927389144897462,0.349761962890625,9.688989257812523,6.477130126953147,2.0430074761120607
2025-03-12,284.1988220214844,280.6120910644531,-1.987100601196289,0.6841220855712891,11.048822021484398,7.462091064453148,2.101568896620109
2025-03-13,284.1650390625,281.037939453125,-1.8223718643188476,0.44640636444091797,11.015039062500023,7.887939453125023,1.9348775435854586
2025-03-14,284.1312561035156,281.4637878417969,-1.6576431274414063,0.20869064331054688,10.981256103515648,8.313787841796898,1.7681861905508083
2025-03-15,284.09747314453125,281.88963623046874,-1.4929143905639648,-0.02902507781982422,10.947473144531273,8.739636230468772,1.6014948375161577
2025-03-16,284.0636901855469,282.31548461914065,-1.3281856536865235,-0.2667407989501953,10.913690185546898,9.165484619140647,1.4348034844815074
2025-03-17,284.0299072265625,282.7413330078125,-1.163456916809082,-0.5044565200805664,10.879907226562523,9.591333007812523,1.2681121314468569
2025-03-18,283.45802001953126,281.7805236816406,-0.8937715530395508,-0.9984611511230469,10.308020019531273,8.630523681640648,1.6105347773925012
2025-03-19,282.8861328125,280.81971435546876,-0.6240861892700196,-1.4924657821655274,9.736132812500022,7.669714355468773,1.9529574233381455
2025-03-20,282.3142456054687,279.85890502929686,-0.35440082550048835,-1.986470413208008,9.164245605468773,6.708905029296898,2.2953800692837896
2025-03-21,281.7423583984375,278.898095703125,-0.08471546173095712,-2.4804750442504884,8.592358398437522,5.748095703125022,2.6378027152294337
2025-03-22,281.17047119140625,277.9372863769531,0.18496990203857422,-2.9744796752929688,8.020471191406273,4.787286376953148,2.980225361175078
2025-03-23,282.0207275390625,279.2587524414063,0.36133537292480467,-2.0469024658203123,8.870727539062523,6.108752441406272,2.7794005892818063
2025-03-24,282.87098388671876,280.58021850585936,0.5377008438110351,-1.1193252563476563,9.720983886718773,7.430218505859398,2.5785758173885345
2025-03-25,283.721240234375,281.9016845703125,0.7140663146972657,-0.19174804687500036,10.571240234375022,8.751684570312523,2.3777510454952626
2025-03-26,284.5714965820313,283.2231506347656,0.8904317855834961,0.7358291625976561,11.421496582031272,10.073150634765648,2.1769262736019908
2025-03-27,285.4217529296875,284.54461669921875,1.0667972564697266,1.6634063720703125,12.271752929687523,11.394616699218773,1.9761015017087191
2025-03-28,284.50792236328124,283.6980773925781,0.6542774200439453,1.031768798828125,11.357922363281272,10.548077392578147,1.940102202444129
2025-03-29,283.594091796875,282.8515380859375,0.24175758361816402,0.4001312255859375,10.444091796875023,9.701538085937523,1.9041029031795387
2025-03-30,282.6802612304688,282.0049987792969,-0.17076225280761737,-0.23150634765625,9.530261230468772,8.854998779296897,1.8681036039149486
2025-03-31,281.7664306640625,281.15845947265626,-0.5832820892333985,-0.8631439208984375,8.616430664062523,8.008459472656273,1.8321043046503582
2025-04-01,280.85260009765625,280.3119201660156,-0.9958019256591797,-1.494781494140625,7.702600097656273,7.161920166015648,1.7961050053857681
2025-04-02,280.97544555664064,279.4244018554688,-0.7753524780273438,-1.391884994506836,7.825445556640648,6.274401855468772,1.6340962479504642
2025-04-03,281.098291015625,278.53688354492186,-0.5549030303955078,-1.2889884948730468,7.948291015625022,5.386883544921898,1.47208749051516
2025-04-04,281.22113647460935,277.649365234375,-0.3344535827636719,-1.186091995239258,8.071136474609398,4.499365234375023,1.310078733079856
2025-04-05,281.34398193359374,276.7618469238281,-0.11400413513183594,-1.0831954956054688,8.193981933593772,3.6118469238281476,1.1480699756445518
2025-04-06,281.4668273925781,275.87432861328125,0.1064453125,-0.9802989959716797,8.316827392578148,2.7243286132812727,0.9860612182092479
2025-04-07,281.973681640625,277.16192016601565,-0.31912975311279296,-0.7611640930175781,8.823681640625022,4.011920166015647,1.1937929617143137
2025-04-08,282.48053588867185,278.44951171875,-0.7447048187255859,-0.5420291900634766,9.330535888671898,5.299511718750023,1.4015247052193796
2025-04-09,282.9873901367188,279.7371032714844,-1.1702798843383788,-0.32289428710937496,9.837390136718772,6.5871032714843984,1.6092564487244454
2025-04-10,283.49424438476564,281.0246948242187,-1.5958549499511718,-0.10375938415527342,10.344244384765648,7.874694824218773,1.8169881922295112
2025-04-11,284.0010986328125,282.3122863769531,-2.021430015563965,0.11537551879882812,10.851098632812523,9.162286376953148,2.024719935734577
2025-04-12,283.4702880859375,281.66228637695315,-1.6393911361694335,-0.5700830459594727,10.320288085937523,8.512286376953147,2.2825329054867454
2025-04-13,282.9394775390625,281.0122863769531,-1.2573522567749023,-1.2555416107177735,9.789477539062522,7.862286376953148,2.540345875238913
2025-04-14,282.4086669921875,280.36228637695314,-0.8753133773803712,-1.9410001754760744,9.258666992187523,7.212286376953148,2.7981588449910815
2025-04-15,281.8778564453125,279.7122863769531,-0.4932744979858399,-2.626458740234375,8.727856445312522,6.562286376953148,3.0559718147432493
2025-04-16,281.3470458984375,279.0622863769531,-0.1112356185913086,-3.311917304992676,8.197045898437523,5.912286376953148,3.3137847844954176
2025-04-17,281.6008544921875,279.68524169921875,-0.14004554748535156,-2.7432079315185547,8.450854492187522,6.535241699218773,2.757712677950015
2025-04-18,281.8546630859375,280.3081970214844,-0.16885547637939452,-2.1744985580444336,8.704663085937522,7.158197021484398,2.201640571404612
2025-04-19,282.1084716796875,280.93115234375,-0.1976654052734375,-1.6057891845703125,8.958471679687523,7.781152343750023,1.645568464859209
2025-04-20,282.3622802734375,281.5541076660156,-0.22647533416748047,-1.0370798110961914,9.212280273437523,8.404107666015648,1.0894963583138062
2025-04-21,282.6160888671875,282.17706298828125,-0.25528526306152344,-0.4683704376220703,9.466088867187523,9.027062988281273,0.5334242517684032
2025-04-22,282.09873046875,281.1584838867187,-0.21292572021484374,-0.8365272521972656,8.948730468750023,8.008483886718773,0.8886521949269419
2025-04-23,281.5813720703125,280.13990478515626,-0.17056617736816407,-1.204684066772461,8.431372070312523,6.989904785156273,1.2438801380854807
2025-04-24,281.064013671875,279.12132568359374,-0.1282066345214844,-1.5728408813476564,7.914013671875023,5.971325683593772,1.5991080812440193
2025-04-25,280.5466552734375,278.1027465820313,-0.0858470916748047,-1.9409976959228517,7.396655273437522,4.952746582031272,1.9543360244025578
2025-04-26,280.029296875,277.08416748046875,-0.043487548828125,-2.309154510498047,6.879296875000023,3.9341674804687727,2.3095639675610964
2025-04-27,280.8362243652344,278.2172912597656,-0.13186721801757811,-1.6694076538085938,7.686224365234398,5.067291259765648,2.0503284188779194
2025-04-28,281.6431518554688,279.3504150390625,-0.22024688720703126,-1.0296607971191407,8.493151855468772,6.200415039062523,1.7910928701947426
2025-04-29,282.4500793457031,280.48353881835936,-0.3086265563964844,-0.38991394042968763,9.300079345703148,7.333538818359397,1.5318573215115658
2025-04-30,283.2570068359375,281.6166625976563,-0.3970062255859375,0.24983291625976545,10.107006835937522,8.466662597656272,1.2726217728283888
2025-05-01,284.0639343261719,282.7497863769531,-0.4853858947753906,0.8895797729492188,10.913934326171898,9.599786376953148,1.013386224145212
2025-05-02,284.33714599609374,282.8975402832031,-0.3435813903808594,0.2790065765380859,11.187145996093772,9.747540283203147,1.2456719921590689
2025-05-03,284.6103576660156,283.0452941894531,-0.20177688598632815,-0.3315666198730469,11.460357666015648,9.895294189453148,1.477957760172926
2025-05-04,284.8835693359375,283.19304809570315,-0.05997238159179691,-0.9421398162841799,11.733569335937522,10.043048095703147,1.7102435281867827
2025-05-05,285.1567810058594,283.34080200195314,0.08183212280273433,-1.5527130126953126,12.006781005859398,10.190802001953148,1.9425292962006395
2025-05-06,285.42999267578125,283.4885559082031,0.22363662719726562,-2.1632862091064453,12.279992675781273,10.338555908203148,2.1748150642144966
2025-05-07,284.9934020996094,283.01088256835936,-0.1799480438232422,-1.8011114120483398,11.843402099609397,9.860882568359397,2.1055655587749684
2025-05-08,284.5568115234375,282.5332092285156,-0.58353271484375,-1.4389366149902343,11.406811523437522,9.383209228515648,2.0363160533354407
2025-05-09,284.12022094726564,282.0555358886719,-0.9871173858642579,-1.076761817932129,10.970220947265648,8.905535888671897,1.9670665478959126
2025-05-10,283.6836303710937,281.57786254882814,-1.3907020568847657,-0.7145870208740235,10.533630371093773,8.427862548828148,1.8978170424563845
2025-05-11,283.2470397949219,281.1001892089844,-1.7942867279052734,-0.35241222381591797,10.097039794921898,7.950189208984398,1.8285675370168566
2025-05-12,283.6372375488281,281.5039916992188,-1.7274129867553711,-0.10958328247070312,10.487237548828148,8.353991699218772,1.801908214281228
2025-05-13,284.0274353027344,281.9077941894531,-1.6605392456054688,0.13324565887451173,10.877435302734398,8.757794189453147,1.7752488915455993
2025-05-14,284.4176330566406,282.3115966796875,-1.5936655044555663,0.3760746002197266,11.267633056640648,9.161596679687523,1.7485895688099706
2025-05-15,284.8078308105469,282.71539916992185,-1.526791763305664,0.6189035415649414,11.657830810546898,9.565399169921898,1.721930246074342
2025-05-16,285.1980285644531,283.11920166015625,-1.4599180221557617,0.8617324829101562,12.048028564453148,9.969201660156273,1.6952709233387133
2025-05-17,284.3789123535156,282.7145568847656,-1.429478073120117,0.8140016555786133,11.228912353515648,9.564556884765647,1.6459306470364325
2025-05-18,283.55979614257814,282.309912109375,-1.3990381240844727,0.7662708282470703,10.409796142578148,9.159912109375023,1.5965903707341518
2025-05-19,282.7406799316406,281.9052673339844,-1.368598175048828,0.7185400009155274,9.590679931640647,8.755267333984397,1.5472500944318708
2025-05-20,281.92156372070315,281.50062255859376,-1.3381582260131837,0.6708091735839844,8.771563720703147,8.350622558593773,1.49790981812959
2025-05-21,281.1024475097656,281.0959777832031,-1.307718276977539,0.6230783462524414,7.952447509765648,7.945977783203148,1.4485695418273092
2025-05-22,281.59437255859376,281.17673950195314,-1.099410629272461,0.47394771575927735,8.444372558593773,8.026739501953148,1.2174649828827835
2025-05-23,282.0862976074219,281.25750122070315,-0.8911029815673828,0.3248170852661133,8.936297607421897,8.107501220703147,0.9863604239382578
2025-05-24,282.57822265625,281.3382629394531,-0.6827953338623047,0.17568645477294925,9.428222656250023,8.188262939453148,0.7552558649937322
2025-05-25,283.0701477050781,281.4190246582031,-0.4744876861572266,0.0265558242797852,9.920147705078147,8.269024658203147,0.5241513060492065
2025-05-26,283.56207275390625,281.4997863769531,-0.26618003845214844,-0.1225748062133789,10.412072753906273,8.349786376953148,0.2930467471046806
2025-05-27,284.02630615234375,282.1709716796875,0.009040260314941428,-0.045462036132812494,10.876306152343773,9.020971679687523,0.4625679633240257
2025-05-28,284.49053955078125,282.8421569824219,0.2842605590820313,0.03165073394775392,11.340539550781273,9.692156982421897,0.6320891795433707
2025-05-29,284.95477294921875,283.5133422851562,0.5594808578491212,0.10876350402832033,11.804772949218773,10.363342285156273,0.8016103957627159
2025-05-30,285.41900634765625,284.1845275878906,0.834701156616211,0.18587627410888674,12.269006347656273,11.034527587890647,0.971131611982061
2025-05-31,285.88323974609375,284.855712890625,1.1099214553833008,0.2629890441894531,12.733239746093773,11.705712890625023,1.1406528282014061
2025-06-01,285.9745279947917,284.7443084716797,0.9590566953023275,0.2243626912434896,12.824527994791689,11.59430847167971,0.9850608990131736
2025-06-02,286.06581624348956,284.6329040527344,0.8081919352213542,0.18573633829752606,12.915816243489607,11.482904052734398,0.8294689698249411
2025-06-03,286.1571044921875,284.52149963378906,0.6573271751403809,0.1471099853515625,13.007104492187523,11.371499633789085,0.6738770406367085
2025-06-04,286.24839274088544,284.41009521484375,0.5064624150594076,0.10848363240559897,13.098392740885439,11.260095214843773,0.518285111448476
2025-06-05,286.3396809895833,284.29869079589844,0.3555976549784343,0.06985727945963544,13.189680989583357,11.14869079589846,0.3626931822602435
2025-06-06,286.43096923828125,284.1872863769531,0.20473289489746094,0.031230926513671875,13.280969238281273,11.037286376953148,0.20710125307201102
2025-06-07,286.27392578125,284.2622863769531,0.13753089904785157,0.08177623748779297,13.123925781250023,11.112286376953147,0.2282479343337023
2025-06-08,286.11688232421875,284.3372863769531,0.0703289031982422,0.13232154846191407,12.966882324218773,11.187286376953148,0.24939461559539355
2025-06-09,285.9598388671875,284.41228637695315,0.003126907348632829,0.18286685943603515,12.809838867187523,11.262286376953147,0.27054129685708483
2025-06-10,285.80279541015625,284.48728637695314,-0.06407508850097654,0.23341217041015624,12.652795410156273,11.337286376953148,0.2916879781187761
2025-06-11,285.645751953125,284.5622863769531,-0.13127708435058594,0.28395748138427734,12.495751953125023,11.412286376953148,0.3128346593804674
2025-06-12,285.01385498046875,283.98728637695314,-0.35713348388671873,0.17130889892578124,11.863854980468773,10.837286376953148,0.5084931756080842
2025-06-13,284.3819580078125,283.41228637695315,-0.5829898834228515,0.058660316467285145,11.231958007812523,10.262286376953147,0.7041516918357008
2025-06-14,283.75006103515625,282.8372863769531,-0.8088462829589844,-0.05398826599121098,10.600061035156273,9.687286376953148,0.8998102080633175
2025-06-15,283.1181640625,282.2622863769531,-1.034702682495117,-0.16663684844970705,9.968164062500023,9.112286376953147,1.0954687242909342
2025-06-16,282.48626708984375,281.6872863769531,-1.26055908203125,-0.2792854309082031,9.336267089843773,8.537286376953148,1.291127240518551
2025-06-17,282.50885009765625,281.41228637695315,-0.8123165130615234,0.007500839233398449,9.358850097656273,8.262286376953147,1.3358796135594406
2025-06-18,282.53143310546875,281.1372863769531,-0.36407394409179683,0.294287109375,9.381433105468773,7.987286376953148,1.3806319866003303
2025-06-19,282.55401611328125,280.86228637695314,0.08416862487792987,0.5810733795166017,9.404016113281273,7.712286376953148,1.4253843596412201
2025-06-20,282.57659912109375,280.5872863769531,0.5324111938476563,0.8678596496582032,9.426599121093773,7.437286376953148,1.4701367326821098
2025-06-21,282.59918212890625,280.3122863769531,0.9806537628173828,1.1546459197998047,9.449182128906273,7.162286376953148,1.5148891057229994
2025-06-22,283.1319152832031,281.1913146972656,0.8097904205322266,1.077542495727539,9.981915283203147,8.041314697265648,1.3677984438545883
2025-06-23,283.6646484375,282.0703430175781,0.6389270782470703,1.0004390716552733,10.514648437500023,8.920343017578148,1.2207077819861771
2025-06-24,284.1973815917969,282.9493713378906,0.468063735961914,0.9233356475830078,11.047381591796897,9.799371337890648,1.0736171201177662
2025-06-25,284.73011474609376,283.8283996582031,0.29720039367675777,0.8462322235107422,11.580114746093773,10.678399658203148,0.9265264582493551
2025-06-26,285.2628479003906,284.7074279785156,0.12633705139160156,0.7691287994384766,12.112847900390648,11.557427978515648,0.7794357963809441
2025-06-27,285.13591918945315,284.6408996582031,0.024735641479492185,0.5152793884277344,11.985919189453147,11.490899658203148,0.7493723641361714
2025-06-28,285.0089904785156,284.5743713378906,-0.07686576843261719,0.26142997741699214,11.858990478515647,11.424371337890648,0.7193089318913987
2025-06-29,284.88206176757814,284.5078430175781,-0.17846717834472658,0.007580566406249933,11.732061767578148,11.357843017578148,0.689245499646626
2025-06-30,284.7551330566406,284.4413146972656,-0.28006858825683595,-0.24626884460449228,11.605133056640648,11.291314697265648,0.6591820674018531
2025-07-01,284.6282043457031,284.3747863769531,-0.3816699981689453,-0.5001182556152344,11.478204345703148,11.224786376953148,0.6291186351570804
2025-07-02,284.7654052734375,284.2747863769531,-0.3707073211669922,-0.2936403274536133,11.615405273437522,11.124786376953148,0.6282185765093662
2025-07-03,284.90260620117186,284.17478637695314,-0.35974464416503904,-0.08716239929199221,11.752606201171897,11.024786376953148,0.6273185178616518
2025-07-04,285.03980712890626,284.0747863769531,-0.34878196716308596,0.11931552886962882,11.889807128906273,10.924786376953147,0.6264184592139376
2025-07-05,285.1770080566406,283.97478637695315,-0.3378192901611328,0.32579345703124996,12.027008056640648,10.824786376953147,0.6255184005662232
2025-07-06,285.314208984375,283.8747863769531,-0.3268566131591797,0.5322713851928711,12.164208984375023,10.724786376953148,0.624618341918509
2025-07-07,285.6458251953125,284.3247863769531,-0.22697525024414061,0.4964611053466797,12.495825195312523,11.174786376953147,0.5783172989022273
2025-07-08,285.97744140625,284.7747863769531,-0.12709388732910157,0.4606508255004883,12.827441406250022,11.624786376953148,0.5320162558859456
2025-07-09,286.3090576171875,285.22478637695315,-0.027212524414062522,0.42484054565429685,13.159057617187523,12.074786376953147,0.48571521286966396
2025-07-10,286.640673828125,285.67478637695314,0.07266883850097655,0.38903026580810546,13.490673828125022,12.524786376953148,0.4394141698533823
2025-07-11,286.9722900390625,286.1247863769531,0.17255020141601562,0.35321998596191406,13.822290039062523,12.974786376953148,0.3931131268371006
2025-07-12,286.93206787109375,286.02544555664065,0.05351943969726562,0.3989133834838867,13.782067871093773,12.875445556640647,0.4582894644732747
2025-07-13,286.891845703125,285.9261047363281,-0.06551132202148438,0.4446067810058594,13.741845703125023,12.776104736328147,0.5234658021094487
2025-07-14,286.85162353515625,285.82676391601564,-0.1845420837402344,0.49030017852783203,13.701623535156273,12.676763916015648,0.5886421397456228
2025-07-15,286.8114013671875,285.7274230957031,-0.3035728454589844,0.5359935760498047,13.661401367187523,12.577423095703148,0.653818477381797
2025-07-16,286.77117919921875,285.6280822753906,-0.4226036071777344,0.5816869735717773,13.621179199218773,12.478082275390648,0.718994815017971
2025-07-17,286.9263427734375,285.4808715820312,-0.2271249771118164,0.5572927474975586,13.776342773437523,12.330871582031273,0.7192972182369578
2025-07-18,287.0815063476563,285.3336608886719,-0.031646347045898415,0.5328985214233398,13.931506347656272,12.183660888671898,0.7195996214559446
2025-07-19,287.236669921875,285.1864501953125,0.16383228302001962,0.5085042953491211,14.086669921875023,12.036450195312522,0.7199020246749313
2025-07-20,287.39183349609374,285.03923950195315,0.35931091308593754,0.48411006927490235,14.241833496093772,11.889239501953147,0.720204427893918
2025-07-21,287.5469970703125,284.89202880859375,0.5547895431518555,0.4597158432006836,14.396997070312523,11.742028808593773,0.7205068311129048
2025-07-22,287.5563598632813,285.01795654296876,0.6420160293579101,0.585512924194336,14.406359863281272,11.867956542968773,0.870833504769791
2025-07-23,287.56572265625,285.1438842773438,0.7292425155639648,0.7113100051879883,14.415722656250022,11.993884277343772,1.021160178426677
2025-07-24,287.57508544921876,285.2698120117187,0.8164690017700196,0.8371070861816405,14.425085449218773,12.119812011718773,1.1714868520835633
2025-07-25,287.5844482421875,285.39573974609374,0.9036954879760742,0.9629041671752929,14.434448242187523,12.245739746093772,1.3218135257404495
2025-07-26,287.59381103515625,285.52166748046875,0.9909219741821289,1.0887012481689453,14.443811035156273,12.371667480468773,1.4721401993973358
2025-07-27,287.71220703125,285.74229125976564,0.5961204528808594,0.9776193618774414,14.562207031250022,12.592291259765648,1.4013956432401748
2025-07-28,287.8306030273437,285.9629150390625,0.2013189315795898,0.8665374755859375,14.680603027343773,12.812915039062522,1.3306510870830142
2025-07-29,287.9489990234375,286.18353881835935,-0.19348258972167987,0.7554555892944336,14.798999023437522,13.033538818359398,1.2599065309258533
2025-07-30,288.06739501953126,286.40416259765624,-0.5882841110229493,0.6443737030029297,14.917395019531273,13.254162597656272,1.1891619747686923
2025-07-31,288.185791015625,286.6247863769531,-0.9830856323242188,0.5332918167114258,15.035791015625023,13.474786376953148,1.1184174186115317
2025-08-01,287.7109313964844,286.0122863769531,-1.172343635559082,0.4214611053466797,14.560931396484397,12.862286376953147,1.28064372862972
2025-08-02,287.23607177734374,285.3997863769531,-1.3616016387939454,0.3096303939819336,14.086071777343772,12.249786376953148,1.4428700386479085
2025-08-03,286.76121215820314,284.78728637695315,-1.5508596420288085,0.1977996826171875,13.611212158203148,11.637286376953147,1.6050963486660967
2025-08-04,286.2863525390625,284.17478637695314,-1.740117645263672,0.0859689712524414,13.136352539062523,11.024786376953148,1.7673226586842852
2025-08-05,285.8114929199219,283.5622863769531,-1.9293756484985352,-0.025861740112304688,12.661492919921898,10.412286376953148,1.9295489687024736
2025-08-06,285.983642578125,283.97056274414064,-1.7473297119140625,-0.12105979919433593,12.833642578125023,10.820562744140648,1.7708407563568473
2025-08-07,286.1557922363281,284.37883911132815,-1.5652837753295898,-0.21625785827636718,13.005792236328148,11.228839111328147,1.6121325440112209
2025-08-08,286.32794189453125,284.7871154785156,-1.3832378387451172,-0.3114559173583984,13.177941894531273,11.637115478515648,1.4534243316655946
2025-08-09,286.5000915527344,285.1953918457031,-1.2011919021606445,-0.40665397644042967,13.350091552734398,12.045391845703147,1.2947161193199683
2025-08-10,286.6722412109375,285.6036682128906,-1.0191459655761719,-0.5018520355224609,13.522241210937523,12.453668212890648,1.1360079069743418
2025-08-11,286.9009765625,285.7975708007813,-1.1549505233764648,-0.4371055603027344,13.750976562500023,12.647570800781272,1.250303249846561
2025-08-12,287.1297119140625,285.99147338867186,-1.2907550811767579,-0.3723590850830078,13.979711914062523,12.841473388671897,1.36459859271878
2025-08-13,287.358447265625,286.1853759765625,-1.4265596389770507,-0.3076126098632812,14.208447265625022,13.035375976562523,1.4788939355909991
2025-08-14,287.5871826171875,286.3792785644531,-1.5623641967773438,-0.24286613464355467,14.437182617187522,13.229278564453148,1.5931892784632185
2025-08-15,287.81591796875,286.57318115234375,-1.6981687545776367,-0.17811965942382812,14.665917968750023,13.423181152343773,1.7074846213354375
2025-08-16,287.86542892456055,286.75204849243164,-1.6330105066299438,-0.047359466552734375,14.71542892456057,13.602048492431663,1.6768423851289334
2025-08-17,287.9149398803711,286.93091583251953,-1.567852258682251,0.08340072631835938,14.764939880371116,13.780915832519554,1.646200148922429
2025-08-18,287.96445083618164,287.1097831726074,-1.502694010734558,0.21416091918945312,14.814450836181663,13.959783172607445,1.6155579127159247
2025-08-19,288.0139617919922,287.2886505126953,-1.4375357627868652,0.3449211120605469,14.86396179199221,14.138650512695335,1.5849156765094206
2025-08-20,288.06347274780273,287.4675178527832,-1.3723775148391724,0.4756813049316406,14.913472747802757,14.317517852783226,1.5542734403029164
2025-08-21,288.1129837036133,287.6463851928711,-1.3072192668914795,0.6064414978027344,14.962983703613304,14.496385192871116,1.5236312040964122
2025-08-22,288.1624946594238,287.825252532959,-1.2420610189437866,0.7372016906738281,15.01249465942385,14.675252532959007,1.4929889678899078
2025-08-23,288.2120056152344,288.0041198730469,-1.1769027709960938,0.8679618835449219,15.062005615234398,14.854119873046898,1.4623467316834036
2025-08-24,287.7207092285156,287.5087829589844,-0.981108283996582,0.7013830184936524,14.570709228515648,14.358782958984397,1.2100799482266267
2025-08-25,287.2294128417969,287.01344604492186,-0.7853137969970703,0.5348041534423829,14.079412841796898,13.863446044921897,0.9578131647698498
2025-08-26,286.7381164550781,286.5181091308594,-0.5895193099975586,0.36822528839111324,13.588116455078147,13.368109130859398,0.7055463813130729
2025-08-27,286.2468200683594,286.02277221679685,-0.3937248229980469,0.20164642333984373,13.096820068359397,12.872772216796898,0.453279597856296
2025-08-28,285.7555236816406,285.5274353027344,-0.19793033599853516,0.03506755828857422,12.605523681640648,12.377435302734398,0.20101281439951924
2025-08-29,286.1714294433594,285.974755859375,0.1373161315917969,0.34175453186035154,13.021429443359398,12.824755859375022,0.5918822487455586
2025-08-30,286.58733520507815,286.4220764160156,0.47256259918212895,0.6484415054321289,13.437335205078147,13.272076416015647,0.9827516830915979
2025-08-31,287.00324096679685,286.86939697265626,0.8078090667724611,0.9551284790039062,13.853240966796898,13.719396972656273,1.3736211174376374
2025-09-01,287.4191467285156,287.31671752929685,1.143055534362793,1.2618154525756835,14.269146728515647,14.166717529296898,1.7644905517836764
2025-09-02,287.8350524902344,287.7640380859375,1.478302001953125,1.568502426147461,14.685052490234398,14.614038085937523,2.155359986129716
2025-09-03,287.6710205078125,287.37205810546874,0.922452735900879,1.0119464874267579,14.521020507812523,14.222058105468772,2.080205138117888
2025-09-04,287.5069885253906,286.980078125,0.3666034698486329,0.4553905487060548,14.356988525390648,13.830078125000023,2.0050502901060603
2025-09-05,287.34295654296875,286.5880981445313,-0.18924579620361315,-0.1011653900146483,14.192956542968773,13.438098144531272,1.9298954420942325
2025-09-06,287.1789245605469,286.1961181640625,-0.7450950622558592,-0.6577213287353514,14.028924560546898,13.046118164062523,1.8547405940824044
2025-09-07,287.014892578125,285.80413818359375,-1.3009443283081055,-1.2142772674560547,13.864892578125023,12.654138183593773,1.7795857460705766
2025-09-08,287.2436157226563,285.9682678222656,-1.0032752990722655,-1.092141342163086,14.093615722656272,12.818267822265648,1.5500725807729359
2025-09-09,287.4723388671875,286.1323974609375,-0.7056062698364258,-0.9700054168701172,14.322338867187522,12.982397460937523,1.3205594154752953
2025-09-10,287.70106201171876,286.29652709960936,-0.407937240600586,-0.8478694915771484,14.551062011718773,13.146527099609397,1.0910462501776546
2025-09-11,287.92978515625,286.4606567382813,-0.11026821136474618,-0.7257335662841797,14.779785156250023,13.310656738281272,0.8615330848800139
2025-09-12,288.15850830078125,286.6247863769531,0.18740081787109375,-0.6035976409912109,15.008508300781273,13.474786376953148,0.6320199195823734
2025-09-13,288.32415161132815,287.0148193359375,0.12647438049316406,-0.5839231491088868,15.174151611328147,13.864819335937522,0.6093455221847109
2025-09-14,288.489794921875,287.40485229492185,0.06554794311523438,-0.5642486572265625,15.339794921875022,14.254852294921898,0.5866711247870485
2025-09-15,288.6554382324219,287.7948852539063,0.0046215057373046875,-0.5445741653442383,15.505438232421898,14.644885253906272,0.5639967273893862
2025-09-16,288.8210815429687,288.18491821289064,-0.056304931640625,-0.524899673461914,15.671081542968773,15.034918212890648,0.5413223299917238
2025-09-17,288.9867248535156,288.574951171875,-0.11723136901855469,-0.5052251815795898,15.836724853515648,15.424951171875023,0.5186479325940614
2025-09-18,288.6420532226563,288.19130859375,-0.1135284423828125,-0.3664222717285156,15.492053222656272,15.041308593750022,0.4575265233572192
2025-09-19,288.29738159179686,287.807666015625,-0.10982551574707031,-0.22761936187744142,15.147381591796897,14.657666015625022,0.39640511412037704
2025-09-20,287.9527099609375,287.4240234375,-0.10612258911132813,-0.08881645202636723,14.802709960937523,14.274023437500023,0.3352837048835348
2025-09-21,287.6080383300781,287.040380859375,-0.10241966247558594,0.04998645782470701,14.458038330078148,13.890380859375023,0.27416229564669264
2025-09-22,287.26336669921875,286.65673828125,-0.09871673583984375,0.18878936767578125,14.113366699218773,13.506738281250023,0.21304088640985047
2025-09-23,287.45302734375,286.6083129882812,-0.4142280578613281,0.07652130126953124,14.303027343750022,13.458312988281273,0.5138675094248468
2025-09-24,287.64268798828124,286.5598876953125,-0.7297393798828125,-0.03574676513671876,14.492687988281272,13.409887695312523,0.8146941324398433
2025-09-25,287.8323486328125,286.51146240234374,-1.0452507019042967,-0.1480148315429688,14.682348632812523,13.361462402343772,1.1155207554548396
2025-09-26,288.0220092773437,286.463037109375,-1.3607620239257812,-0.26028289794921877,14.872009277343773,13.313037109375022,1.4163473784698362
2025-09-27,288.211669921875,286.41461181640625,-1.6762733459472656,-0.37255096435546875,15.061669921875023,13.264611816406273,1.7171740014848325
2025-09-28,288.78932495117186,287.11887817382814,-1.0953189849853515,-0.22031211853027344,15.639324951171897,13.968878173828148,1.6314407379064921
2025-09-29,289.3669799804687,287.82314453125,-0.5143646240234374,-0.06807327270507812,16.21697998046877,14.673144531250022,1.545707474328152
2025-09-30,289.94463500976565,288.52741088867185,0.0665897369384767,0.08416557312011719,16.79463500976565,15.377410888671898,1.4599742107498117
2025-10-01,290.5222900390625,289.23167724609374,0.6475440979003908,0.2364044189453125,17.372290039062523,16.081677246093772,1.3742409471714714
2025-10-02,291.0999450683594,289.9359436035156,1.2284984588623047,0.3886432647705078,17.949945068359398,16.785943603515648,1.2885076835931313
2025-10-03,290.1899658203125,288.67479248046874,0.5758682250976562,0.2381204605102539,17.039965820312524,15.524792480468772,1.444196343263387
2025-10-04,289.2799865722656,287.41364135742185,-0.07676200866699223,0.08759765624999999,16.129986572265647,14.263641357421898,1.5998850029336427
2025-10-05,288.37000732421876,286.152490234375,-0.7293922424316408,-0.06292514801025395,15.220007324218773,13.002490234375022,1.7555736626038985
2025-10-06,287.46002807617185,284.89133911132814,-1.3820224761962892,-0.21344795227050783,14.310028076171898,11.741339111328148,1.9112623222741543
2025-10-07,286.550048828125,283.63018798828125,-2.0346527099609375,-0.3639707565307617,13.400048828125023,10.480187988281273,2.06695098194441
2025-10-08,286.14662475585936,282.9541076660156,-1.838448715209961,-0.7266830444335938,12.996624755859397,9.804107666015648,2.137370186357839
2025-10-09,285.7432006835937,282.27802734375,-1.6422447204589843,-1.0893953323364258,12.593200683593773,9.128027343750023,2.207789390771268
2025-10-10,285.33977661132815,281.60194702148436,-1.446040725708008,-1.452107620239258,12.189776611328147,8.451947021484397,2.278208595184697
2025-10-11,284.9363525390625,280.9258666992188,-1.2498367309570313,-1.81481990814209,11.786352539062523,7.775866699218772,2.3486277995981255
2025-10-12,284.5329284667969,280.2497863769531,-1.0536327362060547,-2.177532196044922,11.382928466796898,7.099786376953148,2.4190470040115546
2025-10-13,284.3145812988281,280.07786865234374,-0.9863149642944335,-2.0330226898193358,11.164581298828148,6.927868652343773,2.2596529108740904
2025-10-14,284.0962341308594,279.90595092773435,-0.9189971923828125,-1.88851318359375,10.946234130859398,6.755950927734398,2.1002588177366266
2025-10-15,283.8778869628906,279.734033203125,-0.8516794204711914,-1.744003677368164,10.727886962890647,6.584033203125022,1.9408647245991624
2025-10-16,283.6595397949219,279.56211547851564,-0.7843616485595704,-1.599494171142578,10.509539794921897,6.412115478515648,1.7814706314616984
2025-10-17,283.4411926269531,279.39019775390625,-0.7170438766479492,-1.4549846649169922,10.291192626953148,6.240197753906273,1.6220765383242344
2025-10-18,284.3946105957031,280.36211547851565,-0.5917299270629883,-1.0246877670288086,11.244610595703147,7.212115478515647,1.4381315226830138
2025-10-19,285.3480285644531,281.334033203125,-0.4664159774780273,-0.594390869140625,12.198028564453148,8.184033203125022,1.2541865070417932
2025-10-20,286.30144653320315,282.3059509277344,-0.3411020278930664,-0.1640939712524414,13.151446533203147,9.155950927734398,1.070241491400573
2025-10-21,287.25486450195314,283.2778686523437,-0.21578807830810542,0.2662029266357422,14.104864501953148,10.127868652343773,0.8862964757593522
2025-10-22,288.2082824707031,284.2497863769531,-0.09047412872314453,0.6964998245239258,15.058282470703148,11.099786376953148,0.7023514601181317
2025-10-23,287.42332458496094,283.245112101237,-0.1475052833557129,0.21882009506225586,14.27332458496096,10.095112101237001,0.954009376606034
2025-10-24,286.63836669921875,282.2404378255208,-0.20453643798828125,-0.25885963439941406,13.488366699218773,9.090437825520857,1.2056672930939365
2025-10-25,285.85340881347656,281.2357635498047,-0.2615675926208496,-0.736539363861084,12.703408813476585,8.08576354980471,1.457325209581839
2025-10-26,285.0684509277344,280.23108927408856,-0.31859874725341797,-1.214219093322754,11.918450927734398,7.081089274088565,1.7089831260697412
2025-10-27,284.2834930419922,279.2264149983724,-0.37562990188598633,-1.6918988227844238,11.13349304199221,6.076414998372419,1.960641042557644
2025-10-28,283.49853515625,278.22174072265625,-0.4326610565185547,-2.1695785522460938,10.348535156250023,5.071740722656273,2.212298959045546
2025-10-29,283.47755126953126,277.92734985351564,-0.5539497375488281,-2.2158584594726562,10.327551269531273,4.777349853515648,2.2930765459905915
2025-10-30,283.4565673828125,277.632958984375,-0.6752384185791016,-2.2621383666992188,10.306567382812522,4.482958984375022,2.373854132935637
2025-10-31,283.4355834960937,277.33856811523435,-0.796527099609375,-2.3084182739257812,10.285583496093773,4.188568115234398,2.454631719880682
2025-11-01,283.414599609375,277.04417724609374,-0.9178157806396484,-2.3546981811523438,10.264599609375022,3.894177246093773,2.5354093068257275
2025-11-02,283.39361572265625,276.7497863769531,-1.0391044616699219,-2.4009780883789062,10.243615722656273,3.5997863769531477,2.616186893770773
2025-11-03,283.7706604003906,277.2929321289063,-0.8841596603393554,-2.1462261199951174,10.620660400390648,4.142932128906272,2.324510997145863
2025-11-04,284.147705078125,277.83607788085936,-0.729214859008789,-1.891474151611328,10.997705078125023,4.686077880859398,2.032835100520953
2025-11-05,284.5247497558594,278.3792236328125,-0.5742700576782227,-1.6367221832275392,11.374749755859398,5.229223632812523,1.7411592038960433
2025-11-06,284.90179443359375,278.9223693847656,-0.41932525634765627,-1.38197021484375,11.751794433593773,5.772369384765648,1.4494833072711333
2025-11-07,285.2788391113281,279.46551513671875,-0.26438045501708984,-1.127218246459961,12.128839111328148,6.315515136718773,1.1578074106462235
2025-11-08,285.73765258789064,280.6314208984375,-0.3891300201416016,-0.7574016571044921,12.587652587890648,7.481420898437523,1.1551442018557039
2025-11-09,286.19646606445315,281.7973266601563,-0.5138795852661133,-0.38758506774902346,13.046466064453147,8.647326660156272,1.1524809930651843
2025-11-10,286.6552795410156,282.963232421875,-0.638629150390625,-0.017768478393554776,13.505279541015648,9.813232421875023,1.1498177842746649
2025-11-11,287.1140930175781,284.12913818359374,-0.7633787155151367,0.352048110961914,13.964093017578147,10.979138183593772,1.1471545754841452
2025-11-12,287.5729064941406,285.2950439453125,-0.8881282806396484,0.7218647003173828,14.422906494140648,12.145043945312523,1.1444913666936256
2025-11-13,287.20289306640626,285.34710693359375,-0.7511989593505859,0.5899368286132812,14.052893066406273,12.197106933593773,0.9581497778567118
2025-11-14,286.8328796386719,285.399169921875,-0.6142696380615235,0.4580089569091797,13.682879638671897,12.249169921875023,0.7718081890197981
2025-11-15,286.4628662109375,285.45123291015625,-0.47734031677246097,0.32608108520507817,13.312866210937523,12.301232910156273,0.5854666001828843
2025-11-16,286.0928527832031,285.5032958984375,-0.3404109954833985,0.19415321350097658,12.942852783203147,12.353295898437523,0.39912501134597056
2025-11-17,285.72283935546875,285.55535888671875,-0.20348167419433594,0.062225341796875,12.572839355468773,12.405358886718773,0.21278342250905685
2025-11-18,284.63983764648435,284.0942443847656,-0.5211524963378906,0.011481666564941408,11.489837646484398,10.944244384765648,0.5306345660188505
2025-11-19,283.5568359375,282.6331298828125,-0.8388233184814453,-0.039262008666992185,10.406835937500023,9.483129882812523,0.848485709528644
2025-11-20,282.4738342285156,281.17201538085936,-1.156494140625,-0.09000568389892577,9.323834228515647,8.022015380859397,1.1663368530384377
2025-11-21,281.3908325195313,279.7109008789063,-1.4741649627685547,-0.14074935913085937,8.240832519531272,6.560900878906272,1.4841879965482312
2025-11-22,280.3078308105469,278.2497863769531,-1.7918357849121094,-0.19149303436279297,7.157830810546898,5.099786376953148,1.8020391400580247
2025-11-23,280.870068359375,277.1997863769531,-1.4250064849853517,-0.6828220367431641,7.720068359375023,4.049786376953148,1.9713265190722946
2025-11-24,281.43230590820315,276.1497863769531,-1.0581771850585937,-1.1741510391235352,8.282305908203147,2.9997863769531476,2.1406138980865643
2025-11-25,281.9945434570312,275.09978637695315,-0.6913478851318358,-1.6654800415039062,8.844543457031273,1.9497863769531474,2.3099012771008343
2025-11-26,282.55678100585936,274.04978637695314,-0.32451858520507804,-2.1568090438842775,9.406781005859397,0.8997863769531476,2.479188656115104
2025-11-27,283.1190185546875,272.9997863769531,0.04231071472167969,-2.6481380462646484,9.969018554687523,-0.15021362304685226,2.648476035129374
2025-11-28,282.54013671875,273.797607421875,0.13366451263427734,-2.634054183959961,9.390136718750023,0.6476074218750227,2.6438985073589096
2025-11-29,281.9612548828125,274.5954284667969,0.225018310546875,-2.6199703216552734,8.811254882812523,1.4454284667968977,2.639320979588445
2025-11-30,281.382373046875,275.39324951171875,0.3163721084594726,-2.605886459350586,8.232373046875022,2.2432495117187727,2.6347434518179806
2025-12-01,280.8034912109375,276.1910705566406,0.4077259063720703,-2.5918025970458984,7.653491210937522,3.0410705566406477,2.630165924047516
2025-12-02,280.224609375,276.9888916015625,0.49907970428466797,-2.577718734741211,7.074609375000023,3.8388916015625227,2.6255883962770517
2025-12-03,280.19935302734376,277.20830688476565,0.26847057342529296,-2.3707862854003907,7.049353027343773,4.058306884765647,2.435653937905312
2025-12-04,280.1740966796875,277.42772216796874,0.03786144256591795,-2.1638538360595705,7.024096679687522,4.277722167968773,2.245719479533572
2025-12-05,280.1488403320312,277.6471374511719,-0.19274768829345712,-1.95692138671875,6.998840332031273,4.497137451171898,2.0557850211618325
2025-12-06,280.123583984375,277.866552734375,-0.4233568191528321,-1.7499889373779296,6.973583984375023,4.716552734375023,1.8658505627900923
2025-12-07,280.09832763671875,278.0859680175781,-0.653965950012207,-1.5430564880371094,6.948327636718773,4.935968017578148,1.6759161044183526
2025-12-08,280.72532958984374,277.48870849609375,-0.7570402145385742,-1.4212533950805664,7.575329589843773,4.338708496093773,1.6400509277830517
2025-12-09,281.3523315429687,276.8914489746094,-0.8601144790649414,-1.2994503021240233,8.202331542968773,3.7414489746093977,1.6041857511477509
2025-12-10,281.9793334960938,276.294189453125,-0.9631887435913086,-1.1776472091674806,8.829333496093772,3.1441894531250227,1.5683205745124502
2025-12-11,282.60633544921876,275.6969299316406,-1.0662630081176758,-1.0558441162109375,9.456335449218773,2.5469299316406477,1.5324553978771494
2025-12-12,283.23333740234375,275.09967041015625,-1.169337272644043,-0.9340410232543945,10.083337402343773,1.9496704101562727,1.4965902212418485
2025-12-13,283.32314453125,276.66497802734375,-1.0831830978393555,-0.7860282897949219,10.173144531250022,3.5149780273437727,1.3499951339836433
2025-12-14,283.41295166015624,278.23028564453125,-0.997028923034668,-0.6380155563354493,10.262951660156272,5.080285644531273,1.2034000467254384
2025-12-15,283.5027587890625,279.79559326171875,-0.9108747482299805,-0.4900028228759765,10.352758789062523,6.645593261718773,1.0568049594672333
2025-12-16,283.5925659179687,281.36090087890625,-0.8247205734252929,-0.3419900894165039,10.442565917968773,8.210900878906273,0.9102098722090282
2025-12-17,283.682373046875,282.92620849609375,-0.7385663986206055,-0.19397735595703125,10.532373046875023,9.776208496093773,0.7636147849508231
2025-12-18,284.37652587890625,283.52842407226564,-0.9197589874267578,-0.011551856994628906,11.226525878906273,10.378424072265648,0.9697910550859765
2025-12-19,285.0706787109375,284.1306396484375,-1.10095157623291,0.17087364196777344,11.920678710937523,10.980639648437522,1.17596732522113
2025-12-20,285.76483154296875,284.73285522460935,-1.2821441650390626,0.3532991409301758,12.614831542968773,11.582855224609398,1.3821435953562835
2025-12-21,286.458984375,285.33507080078124,-1.4633367538452149,0.5357246398925781,13.308984375000023,12.185070800781272,1.5883198654914368
2025-12-22,287.15313720703125,285.9372863769531,-1.6445293426513672,0.7181501388549805,14.003137207031273,12.787286376953148,1.7944961356265903
2025-12-23,285.84580078125,284.6776611328125,-1.2817935943603516,0.1880363464355469,12.695800781250023,11.527661132812522,1.8235584544068622
2025-12-24,284.53846435546876,283.41803588867185,-0.9190578460693359,-0.3420774459838867,11.388464355468773,10.268035888671898,1.8526207731871338
2025-12-25,283.2311279296875,282.1584106445313,-0.5563220977783203,-0.8721912384033201,10.081127929687522,9.008410644531272,1.8816830919674057
2025-12-26,281.9237915039063,280.89878540039064,-0.1935863494873047,-1.4023050308227538,8.773791503906272,7.748785400390648,1.9107454107476773
2025-12-27,280.616455078125,279.63916015625,0.16914939880371094,-1.9324188232421875,7.466455078125023,6.489160156250023,1.9398077295279492
2025-12-28,280.616455078125,279.63916015625,0.16914939880371094,-1.9324188232421875,7.466455078125023,6.489160156250023,1.9398077295279492
2025-12-29,280.616455078125,279.63916015625,0.16914939880371094,-1.9324188232421875,7.466455078125023,6.489160156250023,1.9398077295279492
2025-12-30,280.616455078125,279.63916015625,0.16914939880371094,-1.9324188232421875,7.466455078125023,6.489160156250023,1.9398077295279492
2025-12-31,280.616455078125,279.63916015625,0.16914939880371094,-1.9324188232421875,7.466455078125023,6.489160156250023,1.9398077295279492
