date,NDVI
2025-01-01,5852.318122130298
2025-01-02,5850.259704968608
2025-01-03,5848.201287806918
2025-01-04,5846.142870645228
2025-01-05,5844.084453483538
2025-01-06,5842.026036321848
2025-01-07,5839.9676191601575
2025-01-08,5837.909201998467
2025-01-09,5835.850784836777
2025-01-10,5833.792367675086
2025-01-11,5831.733950513396
2025-01-12,5829.675533351706
2025-01-13,5827.617116190016
2025-01-14,5825.5586990283255
2025-01-15,5823.500281866635
2025-01-16,5821.441864704945
2025-01-17,5819.383447543255
2025-01-18,5827.385481323368
2025-01-19,5835.387515103482
2025-01-20,5843.389548883594
2025-01-21,5851.391582663708
2025-01-22,5859.393616443821
2025-01-23,5867.395650223934
2025-01-24,5875.397684004048
2025-01-25,5883.399717784161
2025-01-26,5891.401751564274
2025-01-27,5899.403785344387
2025-01-28,5907.4058191245
2025-01-29,5915.407852904614
2025-01-30,5923.409886684727
2025-01-31,5931.41192046484
2025-02-01,5939.413954244953
2025-02-02,5947.415988025066
2025-02-03,5947.056183617277
2025-02-04,5946.696379209489
2025-02-05,5946.3365748017
2025-02-06,5945.976770393912
2025-02-07,5945.616965986123
2025-02-08,5945.257161578335
2025-02-09,5944.8973571705465
2025-02-10,5944.537552762758
2025-02-11,5944.1777483549695
2025-02-12,5943.8179439471805
2025-02-13,5943.4581395393925
2025-02-14,5943.098335131604
2025-02-15,5942.7385307238155
2025-02-16,5942.378726316027
2025-02-17,5942.018921908239
2025-02-18,5941.65911750045
2025-02-19,5965.263365148552
2025-02-20,5988.867612796654
2025-02-21,6012.471860444755
2025-02-22,6036.076108092858
2025-02-23,6059.68035574096
2025-02-24,6083.284603389062
2025-02-25,6106.8888510371635
2025-02-26,6130.493098685266
2025-02-27,6154.0973463333685
2025-02-28,6177.70159398147
2025-03-01,6201.305841629572
2025-03-02,6224.910089277674
2025-03-03,6248.514336925777
2025-03-04,6272.118584573878
2025-03-05,6295.72283222198
2025-03-06,6319.327079870082
2025-03-07,6317.860931348167
2025-03-08,6316.39478282625
2025-03-09,6314.928634304334
2025-03-10,6313.462485782418
2025-03-11,6311.996337260502
2025-03-12,6310.530188738586
2025-03-13,6309.06404021667
2025-03-14,6307.597891694753
2025-03-15,6306.131743172838
2025-03-16,6304.665594650922
2025-03-17,6303.199446129006
2025-03-18,6301.733297607089
2025-03-19,6300.2671490851735
2025-03-20,6298.801000563258
2025-03-21,6297.334852041341
2025-03-22,6295.868703519425
2025-03-23,6302.927054677192
2025-03-24,6309.985405834959
2025-03-25,6317.043756992726
2025-03-26,6324.102108150493
2025-03-27,6331.160459308261
2025-03-28,6338.218810466028
2025-03-29,6345.277161623795
2025-03-30,6352.335512781562
2025-03-31,6359.393863939329
2025-04-01,6366.452215097096
2025-04-02,6373.510566254863
2025-04-03,6380.568917412631
2025-04-04,6387.627268570398
2025-04-05,6394.685619728165
2025-04-06,6401.743970885932
2025-04-07,6408.802322043699
2025-04-08,6405.889474117906
2025-04-09,6402.976626192113
2025-04-10,6400.06377826632
2025-04-11,6397.150930340527
2025-04-12,6394.238082414734
2025-04-13,6391.3252344889415
2025-04-14,6388.412386563148
2025-04-15,6385.499538637356
2025-04-16,6382.586690711562
2025-04-17,6379.673842785769
2025-04-18,6376.760994859977
2025-04-19,6373.848146934183
2025-04-20,6370.935299008391
2025-04-21,6368.022451082597
2025-04-22,6365.109603156805
2025-04-23,6362.196755231012
2025-04-24,6351.364526688105
2025-04-25,6340.532298145199
2025-04-26,6329.700069602292
2025-04-27,6318.867841059386
2025-04-28,6308.035612516479
2025-04-29,6297.203383973572
2025-04-30,6286.3711554306665
2025-05-01,6275.53892688776
2025-05-02,6264.706698344853
2025-05-03,6253.874469801947
2025-05-04,6243.042241259041
2025-05-05,6232.210012716134
2025-05-06,6221.377784173227
2025-05-07,6210.54555563032
2025-05-08,6199.713327087415
2025-05-09,6188.881098544508
2025-05-10,6151.106371563177
2025-05-11,6113.331644581846
2025-05-12,6075.556917600516
2025-05-13,6037.782190619184
2025-05-14,6000.007463637853
2025-05-15,5962.232736656522
2025-05-16,5924.4580096751915
2025-05-17,5886.683282693861
2025-05-18,5848.90855571253
2025-05-19,5811.133828731199
2025-05-20,5773.359101749868
2025-05-21,5735.584374768538
2025-05-22,5697.809647787206
2025-05-23,5660.034920805875
2025-05-24,5622.260193824544
2025-05-25,5584.4854668432135
2025-05-26,5574.813860271222
2025-05-27,5565.142253699232
2025-05-28,5555.470647127242
2025-05-29,5545.799040555251
2025-05-30,5536.12743398326
2025-05-31,5526.45582741127
2025-06-01,5516.784220839279
2025-06-02,5507.112614267288
2025-06-03,5497.441007695297
2025-06-04,5487.769401123307
2025-06-05,5478.097794551317
2025-06-06,5468.426187979326
2025-06-07,5458.754581407335
2025-06-08,5449.082974835344
2025-06-09,5439.411368263354
2025-06-10,5429.739761691363
2025-06-11,5428.94530385626
2025-06-12,5428.150846021156
2025-06-13,5427.356388186053
2025-06-14,5426.561930350949
2025-06-15,5425.767472515846
2025-06-16,5424.973014680742
2025-06-17,5424.178556845639
2025-06-18,5423.3840990105355
2025-06-19,5422.589641175432
2025-06-20,5421.795183340329
2025-06-21,5421.000725505225
2025-06-22,5420.206267670122
2025-06-23,5419.411809835018
2025-06-24,5418.617351999915
2025-06-25,5417.822894164811
2025-06-26,5417.028436329708
2025-06-27,5416.154838496429
2025-06-28,5415.28124066315
2025-06-29,5414.40764282987
2025-06-30,5413.534044996592
2025-07-01,5412.660447163313
2025-07-02,5411.786849330034
2025-07-03,5410.913251496755
2025-07-04,5410.039653663476
2025-07-05,5409.1660558301965
2025-07-06,5408.292457996918
2025-07-07,5407.418860163639
2025-07-08,5406.54526233036
2025-07-09,5405.671664497081
2025-07-10,5404.798066663801
2025-07-11,5403.9244688305225
2025-07-12,5403.050870997244
2025-07-13,5407.1706241283055
2025-07-14,5411.290377259366
2025-07-15,5415.410130390428
2025-07-16,5419.529883521489
2025-07-17,5423.649636652551
2025-07-18,5427.7693897836125
2025-07-19,5431.889142914673
2025-07-20,5436.008896045735
2025-07-21,5440.128649176797
2025-07-22,5444.248402307858
2025-07-23,5448.3681554389195
2025-07-24,5452.487908569981
2025-07-25,5456.607661701042
2025-07-26,5460.727414832104
2025-07-27,5464.847167963165
2025-07-28,5468.966921094227
2025-07-29,5466.619696983495
2025-07-30,5464.272472872763
2025-07-31,5461.925248762031
2025-08-01,5459.578024651299
2025-08-02,5457.230800540566
2025-08-03,5454.883576429834
2025-08-04,5452.536352319102
2025-08-05,5450.18912820837
2025-08-06,5447.841904097638
2025-08-07,5445.494679986906
2025-08-08,5443.147455876174
2025-08-09,5440.800231765441
2025-08-10,5438.453007654709
2025-08-11,5436.105783543977
2025-08-12,5433.758559433245
2025-08-13,5431.411335322513
2025-08-14,5422.438032636969
2025-08-15,5413.464729951425
2025-08-16,5404.491427265882
2025-08-17,5395.518124580338
2025-08-18,5386.544821894794
2025-08-19,5377.57151920925
2025-08-20,5368.5982165237065
2025-08-21,5359.624913838163
2025-08-22,5350.651611152619
2025-08-23,5341.678308467075
2025-08-24,5332.705005781531
2025-08-25,5323.7317030959875
2025-08-26,5314.758400410444
2025-08-27,5305.7850977249
2025-08-28,5296.811795039356
2025-08-29,5287.838492353812
2025-08-30,5298.291141395079
2025-08-31,5308.743790436346
2025-09-01,5319.196439477612
2025-09-02,5329.649088518879
2025-09-03,5340.101737560146
2025-09-04,5350.554386601412
2025-09-05,5361.007035642679
2025-09-06,5371.459684683945
2025-09-07,5381.912333725212
2025-09-08,5392.3649827664785
2025-09-09,5402.817631807745
2025-09-10,5413.270280849012
2025-09-11,5423.7229298902785
2025-09-12,5434.175578931545
2025-09-13,5444.628227972812
2025-09-14,5455.080877014078
2025-09-15,5455.726650424889
2025-09-16,5456.372423835701
2025-09-17,5457.018197246512
2025-09-18,5457.663970657322
2025-09-19,5458.309744068134
2025-09-20,5458.955517478945
2025-09-21,5459.601290889756
2025-09-22,5460.247064300567
2025-09-23,5460.892837711378
2025-09-24,5461.538611122189
2025-09-25,5462.1843845329995
2025-09-26,5462.830157943811
2025-09-27,5463.475931354622
2025-09-28,5464.121704765433
2025-09-29,5464.767478176244
2025-09-30,5465.413251587055
2025-10-01,5480.4418435092075
2025-10-02,5495.47043543136
2025-10-03,5510.499027353512
2025-10-04,5525.527619275665
2025-10-05,5540.556211197816
2025-10-06,5555.5848031199685
2025-10-07,5570.613395042121
2025-10-08,5585.641986964273
2025-10-09,5600.670578886426
2025-10-10,5615.699170808578
2025-10-11,5630.72776273073
2025-10-12,5645.756354652882
2025-10-13,5660.784946575034
2025-10-14,5675.8135384971865
2025-10-15,5690.842130419339
2025-10-16,5705.870722341491
2025-10-17,5705.416484265637
2025-10-18,5704.962246189783
2025-10-19,5704.5080081139295
2025-10-20,5704.0537700380755
2025-10-21,5703.5995319622225
2025-10-22,5703.145293886369
2025-10-23,5702.691055810515
2025-10-24,5702.236817734661
2025-10-25,5701.782579658807
2025-10-26,5701.328341582953
2025-10-27,5700.874103507099
2025-10-28,5700.419865431246
2025-10-29,5699.965627355392
2025-10-30,5699.511389279538
2025-10-31,5699.057151203684
2025-11-01,5698.60291312783
2025-11-02,5724.134008123861
2025-11-03,5749.6651031198935
2025-11-04,5775.196198115926
2025-11-05,5800.727293111957
2025-11-06,5826.258388107988
2025-11-07,5851.78948310402
2025-11-08,5877.320578100052
2025-11-09,5902.851673096084
2025-11-10,5928.382768092115
2025-11-11,5953.913863088147
2025-11-12,5979.444958084179
2025-11-13,6004.9760530802105
2025-11-14,6030.507148076242
2025-11-15,6056.038243072274
2025-11-16,6081.569338068306
2025-11-17,6107.100433064337
2025-11-18,6109.514673544312
2025-11-19,6111.928914024287
2025-11-20,6114.343154504262
2025-11-21,6116.757394984237
2025-11-22,6119.171635464212
2025-11-23,6121.585875944187
2025-11-24,6124.000116424162
2025-11-25,6126.414356904137
2025-11-26,6128.828597384111
2025-11-27,6131.242837864086
2025-11-28,6133.657078344061
2025-11-29,6136.071318824036
2025-11-30,6138.485559304011
2025-12-01,6140.899799783986
2025-12-02,6143.314040263961
2025-12-03,6145.728280743936
2025-12-04,6153.148040533261
2025-12-05,6160.567800322586
2025-12-06,6167.987560111911
2025-12-07,6175.4073199012355
2025-12-08,6182.827079690561
2025-12-09,6190.246839479885
2025-12-10,6197.666599269211
2025-12-11,6205.086359058536
2025-12-12,6212.50611884786
2025-12-13,6219.925878637186
2025-12-14,6227.34563842651
2025-12-15,6234.765398215835
2025-12-16,6242.18515800516
2025-12-17,6249.604917794485
2025-12-18,6257.0246775838095
2025-12-19,6264.444437373135
2025-12-20,6264.444437373135
2025-12-21,6264.444437373135
2025-12-22,6264.444437373135
2025-12-23,6264.444437373135
2025-12-24,6264.444437373135
2025-12-25,6264.444437373135
2025-12-26,6264.444437373135
2025-12-27,6264.444437373135
2025-12-28,6264.444437373135
2025-12-29,6264.444437373135
2025-12-30,6264.444437373135
2025-12-31,6264.444437373135
