Date,pm25,Baseline_Prediction,Linear_Regression_Prediction,Random_Forest_Prediction,Gradient_Boosting_Prediction,Polynomial_Ridge_Prediction,MLP_Prediction,MLP_Linear_Regression_Prediction,ARIMA_Prediction,SARIMAX_Prediction
2025-10-20,8.5,7.500000000000001,7.463308452631875,7.185991279102348,7.142355259528113,6.937698644259702,6.88536369461934,7.3755610746156055,6.752694700674983,9.513297004129853
2025-10-21,7.1,8.5,7.62381070634139,7.142331312173254,7.102408325603604,7.714864370444736,7.465742730921501,7.632953619767745,6.057712790443225,10.088401272516881
2025-10-22,7.0,7.1,7.663669633572221,7.270512816322644,7.034205109712538,7.293552319060201,6.961514344180736,7.682625178861534,5.831406084867944,9.376659117091531
2025-10-24,6.1,6.999999999999999,6.18396032532114,6.8242573956959465,6.962313160452116,6.653590473832526,6.518911878365279,6.353319960964207,5.657004732902891,8.315890758135692
2025-10-25,4.2,6.099999999999999,5.2689776329863305,5.014177764158073,5.174933217385187,5.587252926373006,5.596822917038609,5.1237759232109275,5.676815203573547,7.021907850147439
2025-10-26,4.0,4.199999999999999,4.744368260716015,4.6285013539301625,4.49468818411999,4.644589214178919,4.4654474477382085,4.167793121822578,5.611061696047063,6.3131012859031435
2025-10-27,3.8,3.999999999999999,3.849225431480513,4.127086490701957,4.823493538580391,4.212258575059282,4.309595325079912,3.91745036018348,5.65879738381652,5.084881122915402
2025-10-28,4.5,3.7999999999999994,4.836752227002372,4.603718430542595,5.250162627935327,4.5698045695141865,4.420412636759633,4.6971226747343,5.6105381282834434,6.933340391682485
2025-10-29,5.5,4.5,5.195205383525675,4.9987608976590865,5.031466509325134,4.798624618227153,4.717111897620987,5.128033051894041,5.655006392667264,7.949424729740752
2025-10-30,8.4,5.499999999999999,7.301911810332799,6.73393421388955,6.624479732849216,6.015159880477074,5.66188150472805,7.059225899515375,5.613276158065565,8.263816690437475
2025-10-31,7.2,8.4,6.68307294882088,7.635261439149093,7.3324779833611755,6.490918803442717,6.265360829517219,6.190291676043234,5.652386823554207,7.746147352258166
2025-11-01,6.2,7.200000000000001,7.539693426251522,7.352099075059828,7.284878966800018,6.8647564560190215,6.426671075163744,7.004422285248519,5.615778866727655,8.91785087869488
2025-11-02,6.5,6.2,6.419732775875502,6.6252358800331725,6.720729275916361,6.145302283433686,5.817999658746632,5.596576306920012,5.650077924802837,8.687150274254678
2025-11-03,4.8,6.5,5.2702909994783145,5.367430561283583,5.170448134083059,5.685143779509724,5.918302543430551,5.308535110796914,5.617957582239067,8.310338653095712
2025-11-04,3.9,4.8,4.939875192492205,4.919963270815103,5.913542595995286,5.208844968669269,5.044411353772906,5.351753631913985,5.648043477734553,9.108877193605666
2025-11-05,4.7,3.8999999999999995,4.350433307462915,4.145412813581727,4.177840048947968,4.463275440779491,4.516478538067062,4.580501572557832,5.619865140757592,9.399578876549917
2025-11-06,4.6,4.7,4.290722241488565,4.673045602224485,4.554767113040712,4.62597999370307,4.494804214351522,4.1402318229659265,5.646257455273931,6.788578020731598
2025-11-07,4.2,4.599999999999999,5.367425933907234,5.230070581136921,5.883390161000961,5.389074545629282,4.822861036320795,4.87052878786744,5.6215381152516155,7.59018295960853
2025-11-08,4.6,4.199999999999999,5.171343711036765,5.427178457833646,5.820950983681538,5.035450297722922,4.60826353936795,4.853332497845625,5.64469056205549,7.847114440102577
2025-11-09,4.4,4.599999999999999,4.349840143031615,5.1541399198912865,5.249784383220745,4.368256386883432,4.283203966878914,4.174095056574766,5.623005691766186,7.270372186302804
2025-11-10,6.3,4.4,5.726722267665625,5.316605975486311,5.569368120686823,5.090673643288423,4.87103566848278,5.936624398956872,5.643316010894444,8.877493220681114
2025-11-11,4.2,6.3,4.328982115874941,4.917332856827714,4.951268371032227,5.084463863171478,5.350834139673826,4.668150883097324,5.6242931125961215,10.639147034280933
2025-11-12,5.4,4.199999999999999,6.018782353954451,5.474742896900617,6.190585071628851,5.148860592017625,5.021913638581756,6.474455602300757,5.642110196025781,12.218632857960072
2025-11-13,3.2,5.3999999999999995,2.930914991387416,4.09505307940703,3.7881057255982054,3.9014240366757256,4.63034635890653,3.340560012578389,5.625422493631737,9.243487866098215
2025-11-14,3.8,3.2,4.619092714637915,4.227655468455123,4.189118488081161,4.1117857626636605,4.129540900422118,4.714855421365511,5.641052403606869,10.119878371880974
2025-11-15,3.8,3.7999999999999994,2.9706500293632185,3.3633500772976412,3.3719879454687733,3.404770254382977,3.875786981169712,2.782771431431271,5.626413235169797,8.89650000059224
2025-11-16,2.2,3.7999999999999994,2.983809976770949,3.0331552558519728,3.4827044857027056,3.4039172922791034,3.667170002679695,2.3520553340299344,5.64012446273158,8.42043174025367
2025-11-17,3.7,2.1999999999999997,3.7257199257788933,3.3400186989519427,3.0125991090995647,3.4673636362851443,3.3834833893458156,3.4359762942549517,5.62728235615434,8.418190705800434
2025-11-18,3.5,3.6999999999999997,2.6177126580232235,3.028339747378475,3.1628768210799723,3.398718061821271,3.7742951741473423,2.848476069088699,5.639310433187905,10.094389570922283
2025-11-19,6.3,3.4999999999999996,5.684412164606594,5.1477460826894905,5.496543701630755,4.7284222416176505,4.380751615352897,5.5705871941829255,5.628044786367791,12.157552064815254
2025-11-20,4.8,6.3,4.003313621225841,4.559481258585071,4.221468647570772,4.614148235202238,5.036407064644047,3.832884026380715,5.6385963315500875,10.774541072936117
2025-11-21,5.4,4.8,6.120014254074461,5.870287003332534,6.293426632459678,5.154383291951298,4.964165918492395,5.84461308259271,5.62871362285953,11.928565650473995
2025-11-22,5.9,5.3999999999999995,4.807053229842556,5.040379611939733,4.797319427383001,4.7281809155708965,4.899859117204288,4.30275633234178,5.637969890958193,11.340680820166352
2025-11-23,7.2,5.9,6.376984487655182,6.580154017607835,6.8181733549252,5.72031371202518,5.2606233504566715,5.557574577334473,5.629300354923385,12.352295685300659
2025-11-24,8.1,7.200000000000001,7.245667607912084,6.480345416411615,6.4003799695854315,6.489596430765717,5.680679232745227,5.512197695245032,5.637420350396474,12.496627506355221
2025-11-25,6.6,8.1,7.017313831325162,6.774142051755043,5.962333386394101,6.751212828220917,5.735315014734757,5.174518463673918,5.629815061460796,14.900490431238111
2025-11-26,8.0,6.6,8.186228361002348,6.968624512408385,6.333672732159326,6.981020832906953,6.0011607844434955,6.993014707401729,5.636938269840264,15.163870902313466
2025-11-27,6.5,8.0,6.411506798507992,6.533375010999332,6.245540957144264,6.70122256677304,6.063537856645149,5.334131984432166,5.630266584116493,13.14493352892596
2025-11-28,9.4,6.5,9.154618871773325,7.370087035278838,7.033549642467741,7.662295243601483,6.3842663381879206,7.995128312001909,5.636515368094942,14.780148520379742
2025-11-29,7.9,9.4,6.831608361205157,6.840819624520475,6.091674250483087,7.5389374346420865,6.689627482701439,5.071991865449705,5.630662679160541,13.455333132956175
2025-11-30,10.0,7.9,10.13324132645049,8.72381184310737,9.070948240905683,8.884148214516188,7.229071933804958,8.339494396369464,5.636144380541321,14.991027615327642
2025-12-01,8.6,10.0,7.213479941283956,8.346950134981189,7.2564505892590105,7.909579523318513,6.879509438245232,4.541033900655176,5.631010150725786,13.244875802313832
2025-12-02,8.2,8.6,8.53265152891703,8.417032613613666,8.033547161536486,8.213189829202642,6.95432898806755,6.075642471534076,5.6358189343437965,16.6534170060441
2025-12-03,8.4,8.2,7.396867662991216,7.928824763893246,8.121048997729444,7.690791655591798,6.8812431692994425,5.196323343410867,5.631314967689464,16.317349744704348
2025-12-04,7.2,8.4,6.952170290947422,6.8516827211022004,6.193610740839631,7.682210753432942,6.951405388468748,5.058874083628703,5.635533438977581,14.84130973892098
2025-12-05,8.9,7.200000000000001,8.269213206826079,7.416343847138781,7.532704119002438,8.031512645683543,7.043721067278836,6.6214865356206145,5.631582366206751,14.733879624159652
2025-12-06,10.4,8.9,8.236230167776268,8.451399689706836,8.382320199472211,8.664842830666618,7.411826059366595,6.0152009479841055,5.635282990194491,15.132786957488678
2025-12-07,7.8,10.4,8.02217890825583,8.260072807914163,8.311644962962069,8.997151435608036,7.653817481959565,5.6719416572841315,5.6318169396575986,13.886049800032904
2025-12-08,7.4,7.8,8.382435340508435,7.810710098140986,7.632352683257537,8.010406776300744,6.690673221725118,5.943893591944362,5.635063285777629,14.802638097613663
2025-12-09,6.8,7.4,6.480735760056713,5.935716083006962,5.203500604861341,7.157631704230735,6.561667324085822,5.132690462193795,5.632022717551961,15.7374619883261
2025-12-10,7.8,6.8,7.902544781788267,6.317990950305786,6.1157246492251405,7.800459492740314,6.753727293594097,6.96490084168034,5.634870551637765,16.356611156230983
2025-12-11,6.0,7.8,6.475100771848876,6.525212382740517,6.8970790177999115,7.365921034879103,6.396469367992093,5.204306749883027,5.632203234748833,14.63788357577854
2025-12-12,5.2,6.0,6.916705103923096,6.548468874973469,6.6678025370409975,6.944687810643659,5.749592919210799,5.690958812876466,5.6347014769819195,13.749967855542709
2025-12-13,5.8,5.199999999999999,5.901352101017935,5.114816377593681,5.335980596318972,5.98225581136924,5.282958779872543,5.014250682535995,5.632361592178177,12.898594401935123
2025-12-14,7.6,5.799999999999999,6.506776500211766,6.280289302688998,6.211107127353832,6.2709283019328055,5.455366323135262,5.27891604888858,5.634553157440453,13.753640368932462
2025-12-15,9.1,7.6000000000000005,7.767641360907207,6.714730190662179,6.851155300006782,7.526557580141541,6.416166711063019,5.913335205202682,5.632500510108785,14.952765481377806
2025-12-16,7.2,9.1,7.763517287989049,6.324297263248325,6.464763037659764,8.296728335378342,7.396542268019389,6.576400042369192,5.634423045175723,17.299188101277352
2025-12-17,6.5,7.200000000000001,7.371976186403942,6.632484062224981,6.391791868104299,7.242234419994063,6.828887186124108,6.333541090657937,5.632622374877138,17.551531457373706
2025-12-18,4.5,6.5,4.713758768755311,6.1159043548409295,6.054290573344079,5.561620600949299,6.094780950031033,4.156008062666975,5.634308905115242,15.594407382121664
2025-12-19,6.8,4.5,6.2949712224034045,6.395000862266176,8.261798530711973,5.840731773044706,5.726619859433478,5.709328306194417,5.6327292798799755,16.66962100172134
2025-12-20,3.2,6.8,3.2214974569898738,4.234992415744669,4.09246632645115,4.894810898432267,5.541664128999028,2.7891698109145584,5.634208776557542,13.971259789216464
2025-12-21,2.7,3.2,4.940172806703716,4.522303512752435,4.356747140659132,4.390957336406049,4.2937580785929725,4.240436396506981,5.632823061534725,13.852167502116806
2025-12-22,3.9,2.7,2.9182733455128433,3.096747336975777,3.088563393671683,3.1345602494518143,2.9806526911559503,1.9044213053971941,5.63412093949118,12.782759063998581
2025-12-23,3.7,3.8999999999999995,3.3648979791735365,3.562486959536297,3.8784492031896147,3.757576723017892,3.795912768227674,2.72283636810047,5.632905330825536,14.573313926117205
2025-12-24,5.5,3.6999999999999997,5.1261543816045725,4.55723304949195,4.739036581461834,4.447039136154704,4.1650000085966825,4.241144076242121,5.634043885048328,16.02511206503884
2025-12-25,8.6,5.499999999999999,6.320639696496299,6.047800438109718,6.229192366024112,5.585391153557865,5.432364116215873,5.341687513519417,5.632977500976813,16.760487786604944
2025-12-26,5.9,8.6,5.83221306171881,7.760914827590189,7.863446273467316,6.351737081905948,6.345680900229211,4.712705667288789,5.633976289585397,15.216534182115812
2025-12-27,4.5,5.9,6.009694984845841,6.808371977427813,6.89507256247314,5.456567341539663,5.5523157171331,4.959853412149619,5.633040811729637,16.68646908578884
2025-12-28,4.8,4.5,4.074811353149675,5.0448063669883485,4.523415018716096,4.1155815115615555,4.731884445983832,3.0198655911280787,5.633916991945446,15.960864008121746
2025-12-29,4.4,4.8,4.206638267559377,4.397956859601939,5.2221169676273185,4.591917427738899,4.780083314516876,3.055888218420861,5.633096350638066,15.402286238151472
2025-12-30,6.3,4.4,5.73660121204462,5.735644322673824,6.792323679750777,5.185782407679464,4.917188072953901,4.234025119042264,5.633864973511794,18.398661981627008
2025-12-31,6.4,6.3,5.246952365194725,4.7968226014931465,5.271305827925459,5.436125284729432,5.366349076963614,3.7231211393692143,5.633145071751178,17.91199450944514
