Date,Source,Site ID,POC,Daily Mean PM2.5 Concentration,Units,Daily AQI Value,Local Site Name,Daily Obs Count,Percent Complete,AQS Parameter Code,AQS Parameter Description,Method Code,Method Description,CBSA Code,CBSA Name,State FIPS Code,State,County FIPS Code,County,Site Latitude,Site Longitude
01/01/2025,AQS,60870007,3,7.3,ug/m3 LC,41,Santa Cruz,1,100,88101,PM2.5 - Local Conditions,170,Met One BAM-1020 Mass Monitor w/VSCC,42100,"Santa Cruz-Watsonville, CA",6,California,87,Santa Cruz,36.98332,-121.98822
01/02/2025,AQS,60870007,3,6.2,ug/m3 LC,34,Santa Cruz,1,100,88101,PM2.5 - Local Conditions,170,Met One BAM-1020 Mass Monitor w/VSCC,42100,"Santa Cruz-Watsonville, CA",6,California,87,Santa Cruz,36.98332,-121.98822
01/03/2025,AQS,60870007,3,5.6,ug/m3 LC,31,Santa Cruz,1,100,88101,PM2.5 - Local Conditions,170,Met One BAM-1020 Mass Monitor w/VSCC,42100,"Santa Cruz-Watsonville, CA",6,California,87,Santa Cruz,36.98332,-121.98822
01/04/2025,AQS,60870007,3,5.5,ug/m3 LC,31,Santa Cruz,1,100,88101,PM2.5 - Local Conditions,170,Met One BAM-1020 Mass Monitor w/VSCC,42100,"Santa Cruz-Watsonville, CA",6,California,87,Santa Cruz,36.98332,-121.98822
01/05/2025,AQS,60870007,3,7.2,ug/m3 LC,40,Santa Cruz,1,100,88101,PM2.5 - Local Conditions,170,Met One BAM-1020 Mass Monitor w/VSCC,42100,"Santa Cruz-Watsonville, CA",6,California,87,Santa Cruz,36.98332,-121.98822
01/06/2025,AQS,60870007,3,6.2,ug/m3 LC,34,Santa Cruz,1,100,88101,PM2.5 - Local Conditions,170,Met One BAM-1020 Mass Monitor w/VSCC,42100,"Santa Cruz-Watsonville, CA",6,California,87,Santa Cruz,36.98332,-121.98822
01/07/2025,AQS,60870007,3,1.7,ug/m3 LC,9,Santa Cruz,1,100,88101,PM2.5 - Local Conditions,170,Met One BAM-1020 Mass Monitor w/VSCC,42100,"Santa Cruz-Watsonville, CA",6,California,87,Santa Cruz,36.98332,-121.98822
01/08/2025,AQS,60870007,3,4.8,ug/m3 LC,27,Santa Cruz,1,100,88101,PM2.5 - Local Conditions,170,Met One BAM-1020 Mass Monitor w/VSCC,42100,"Santa Cruz-Watsonville, CA",6,California,87,Santa Cruz,36.98332,-121.98822
01/09/2025,AQS,60870007,3,5.6,ug/m3 LC,31,Santa Cruz,1,100,88101,PM2.5 - Local Conditions,170,Met One BAM-1020 Mass Monitor w/VSCC,42100,"Santa Cruz-Watsonville, CA",6,California,87,Santa Cruz,36.98332,-121.98822
01/10/2025,AQS,60870007,3,5.2,ug/m3 LC,29,Santa Cruz,1,100,88101,PM2.5 - Local Conditions,170,Met One BAM-1020 Mass Monitor w/VSCC,42100,"Santa Cruz-Watsonville, CA",6,California,87,Santa Cruz,36.98332,-121.98822
01/11/2025,AQS,60870007,3,3.3,ug/m3 LC,18,Santa Cruz,1,100,88101,PM2.5 - Local Conditions,170,Met One BAM-1020 Mass Monitor w/VSCC,42100,"Santa Cruz-Watsonville, CA",6,California,87,Santa Cruz,36.98332,-121.98822
01/12/2025,AQS,60870007,3,3.6,ug/m3 LC,20,Santa Cruz,1,100,88101,PM2.5 - Local Conditions,170,Met One BAM-1020 Mass Monitor w/VSCC,42100,"Santa Cruz-Watsonville, CA",6,California,87,Santa Cruz,36.98332,-121.98822
01/13/2025,AQS,60870007,3,5.1,ug/m3 LC,28,Santa Cruz,1,100,88101,PM2.5 - Local Conditions,170,Met One BAM-1020 Mass Monitor w/VSCC,42100,"Santa Cruz-Watsonville, CA",6,California,87,Santa Cruz,36.98332,-121.98822
01/14/2025,AQS,60870007,3,4.5,ug/m3 LC,25,Santa Cruz,1,100,88101,PM2.5 - Local Conditions,170,Met One BAM-1020 Mass Monitor w/VSCC,42100,"Santa Cruz-Watsonville, CA",6,California,87,Santa Cruz,36.98332,-121.98822
01/15/2025,AQS,60870007,3,6.5,ug/m3 LC,36,Santa Cruz,1,100,88101,PM2.5 - Local Conditions,170,Met One BAM-1020 Mass Monitor w/VSCC,42100,"Santa Cruz-Watsonville, CA",6,California,87,Santa Cruz,36.98332,-121.98822
01/16/2025,AQS,60870007,3,4.3,ug/m3 LC,24,Santa Cruz,1,100,88101,PM2.5 - Local Conditions,170,Met One BAM-1020 Mass Monitor w/VSCC,42100,"Santa Cruz-Watsonville, CA",6,California,87,Santa Cruz,36.98332,-121.98822
01/17/2025,AQS,60870007,3,10.2,ug/m3 LC,53,Santa Cruz,1,100,88101,PM2.5 - Local Conditions,170,Met One BAM-1020 Mass Monitor w/VSCC,42100,"Santa Cruz-Watsonville, CA",6,California,87,Santa Cruz,36.98332,-121.98822
01/18/2025,AQS,60870007,3,8.2,ug/m3 LC,46,Santa Cruz,1,100,88101,PM2.5 - Local Conditions,170,Met One BAM-1020 Mass Monitor w/VSCC,42100,"Santa Cruz-Watsonville, CA",6,California,87,Santa Cruz,36.98332,-121.98822
01/19/2025,AQS,60870007,3,9,ug/m3 LC,50,Santa Cruz,1,100,88101,PM2.5 - Local Conditions,170,Met One BAM-1020 Mass Monitor w/VSCC,42100,"Santa Cruz-Watsonville, CA",6,California,87,Santa Cruz,36.98332,-121.98822
01/20/2025,AQS,60870007,3,7.5,ug/m3 LC,42,Santa Cruz,1,100,88101,PM2.5 - Local Conditions,170,Met One BAM-1020 Mass Monitor w/VSCC,42100,"Santa Cruz-Watsonville, CA",6,California,87,Santa Cruz,36.98332,-121.98822
01/21/2025,AQS,60870007,3,6,ug/m3 LC,33,Santa Cruz,1,100,88101,PM2.5 - Local Conditions,170,Met One BAM-1020 Mass Monitor w/VSCC,42100,"Santa Cruz-Watsonville, CA",6,California,87,Santa Cruz,36.98332,-121.98822
01/22/2025,AQS,60870007,3,5.2,ug/m3 LC,29,Santa Cruz,1,100,88101,PM2.5 - Local Conditions,170,Met One BAM-1020 Mass Monitor w/VSCC,42100,"Santa Cruz-Watsonville, CA",6,California,87,Santa Cruz,36.98332,-121.98822
01/23/2025,AQS,60870007,3,7.7,ug/m3 LC,43,Santa Cruz,1,100,88101,PM2.5 - Local Conditions,170,Met One BAM-1020 Mass Monitor w/VSCC,42100,"Santa Cruz-Watsonville, CA",6,California,87,Santa Cruz,36.98332,-121.98822
01/24/2025,AQS,60870007,3,8.2,ug/m3 LC,46,Santa Cruz,1,100,88101,PM2.5 - Local Conditions,170,Met One BAM-1020 Mass Monitor w/VSCC,42100,"Santa Cruz-Watsonville, CA",6,California,87,Santa Cruz,36.98332,-121.98822
01/25/2025,AQS,60870007,3,10,ug/m3 LC,53,Santa Cruz,1,100,88101,PM2.5 - Local Conditions,170,Met One BAM-1020 Mass Monitor w/VSCC,42100,"Santa Cruz-Watsonville, CA",6,California,87,Santa Cruz,36.98332,-121.98822
01/26/2025,AQS,60870007,3,5.5,ug/m3 LC,31,Santa Cruz,1,100,88101,PM2.5 - Local Conditions,170,Met One BAM-1020 Mass Monitor w/VSCC,42100,"Santa Cruz-Watsonville, CA",6,California,87,Santa Cruz,36.98332,-121.98822
01/27/2025,AQS,60870007,3,4.2,ug/m3 LC,23,Santa Cruz,1,100,88101,PM2.5 - Local Conditions,170,Met One BAM-1020 Mass Monitor w/VSCC,42100,"Santa Cruz-Watsonville, CA",6,California,87,Santa Cruz,36.98332,-121.98822
01/28/2025,AQS,60870007,3,5.5,ug/m3 LC,31,Santa Cruz,1,100,88101,PM2.5 - Local Conditions,170,Met One BAM-1020 Mass Monitor w/VSCC,42100,"Santa Cruz-Watsonville, CA",6,California,87,Santa Cruz,36.98332,-121.98822
01/29/2025,AQS,60870007,3,7,ug/m3 LC,39,Santa Cruz,1,100,88101,PM2.5 - Local Conditions,170,Met One BAM-1020 Mass Monitor w/VSCC,42100,"Santa Cruz-Watsonville, CA",6,California,87,Santa Cruz,36.98332,-121.98822
01/30/2025,AQS,60870007,3,7.2,ug/m3 LC,40,Santa Cruz,1,100,88101,PM2.5 - Local Conditions,170,Met One BAM-1020 Mass Monitor w/VSCC,42100,"Santa Cruz-Watsonville, CA",6,California,87,Santa Cruz,36.98332,-121.98822
01/31/2025,AQS,60870007,3,5.5,ug/m3 LC,31,Santa Cruz,1,100,88101,PM2.5 - Local Conditions,170,Met One BAM-1020 Mass Monitor w/VSCC,42100,"Santa Cruz-Watsonville, CA",6,California,87,Santa Cruz,36.98332,-121.98822
02/01/2025,AQS,60870007,3,3.5,ug/m3 LC,19,Santa Cruz,1,100,88101,PM2.5 - Local Conditions,170,Met One BAM-1020 Mass Monitor w/VSCC,42100,"Santa Cruz-Watsonville, CA",6,California,87,Santa Cruz,36.98332,-121.98822
02/02/2025,AQS,60870007,3,1.7,ug/m3 LC,9,Santa Cruz,1,100,88101,PM2.5 - Local Conditions,170,Met One BAM-1020 Mass Monitor w/VSCC,42100,"Santa Cruz-Watsonville, CA",6,California,87,Santa Cruz,36.98332,-121.98822
02/03/2025,AQS,60870007,3,3.5,ug/m3 LC,19,Santa Cruz,1,100,88101,PM2.5 - Local Conditions,170,Met One BAM-1020 Mass Monitor w/VSCC,42100,"Santa Cruz-Watsonville, CA",6,California,87,Santa Cruz,36.98332,-121.98822
02/04/2025,AQS,60870007,3,3,ug/m3 LC,17,Santa Cruz,1,100,88101,PM2.5 - Local Conditions,170,Met One BAM-1020 Mass Monitor w/VSCC,42100,"Santa Cruz-Watsonville, CA",6,California,87,Santa Cruz,36.98332,-121.98822
02/05/2025,AQS,60870007,3,3.8,ug/m3 LC,21,Santa Cruz,1,100,88101,PM2.5 - Local Conditions,170,Met One BAM-1020 Mass Monitor w/VSCC,42100,"Santa Cruz-Watsonville, CA",6,California,87,Santa Cruz,36.98332,-121.98822
02/06/2025,AQS,60870007,3,3.1,ug/m3 LC,17,Santa Cruz,1,100,88101,PM2.5 - Local Conditions,170,Met One BAM-1020 Mass Monitor w/VSCC,42100,"Santa Cruz-Watsonville, CA",6,California,87,Santa Cruz,36.98332,-121.98822
02/07/2025,AQS,60870007,3,3.1,ug/m3 LC,17,Santa Cruz,1,100,88101,PM2.5 - Local Conditions,170,Met One BAM-1020 Mass Monitor w/VSCC,42100,"Santa Cruz-Watsonville, CA",6,California,87,Santa Cruz,36.98332,-121.98822
02/08/2025,AQS,60870007,3,3.5,ug/m3 LC,19,Santa Cruz,1,100,88101,PM2.5 - Local Conditions,170,Met One BAM-1020 Mass Monitor w/VSCC,42100,"Santa Cruz-Watsonville, CA",6,California,87,Santa Cruz,36.98332,-121.98822
02/09/2025,AQS,60870007,3,3.5,ug/m3 LC,19,Santa Cruz,1,100,88101,PM2.5 - Local Conditions,170,Met One BAM-1020 Mass Monitor w/VSCC,42100,"Santa Cruz-Watsonville, CA",6,California,87,Santa Cruz,36.98332,-121.98822
02/10/2025,AQS,60870007,3,4.7,ug/m3 LC,26,Santa Cruz,1,100,88101,PM2.5 - Local Conditions,170,Met One BAM-1020 Mass Monitor w/VSCC,42100,"Santa Cruz-Watsonville, CA",6,California,87,Santa Cruz,36.98332,-121.98822
02/11/2025,AQS,60870007,3,5.1,ug/m3 LC,28,Santa Cruz,1,100,88101,PM2.5 - Local Conditions,170,Met One BAM-1020 Mass Monitor w/VSCC,42100,"Santa Cruz-Watsonville, CA",6,California,87,Santa Cruz,36.98332,-121.98822
02/12/2025,AQS,60870007,3,2.7,ug/m3 LC,15,Santa Cruz,1,100,88101,PM2.5 - Local Conditions,170,Met One BAM-1020 Mass Monitor w/VSCC,42100,"Santa Cruz-Watsonville, CA",6,California,87,Santa Cruz,36.98332,-121.98822
02/13/2025,AQS,60870007,3,4.6,ug/m3 LC,26,Santa Cruz,1,100,88101,PM2.5 - Local Conditions,170,Met One BAM-1020 Mass Monitor w/VSCC,42100,"Santa Cruz-Watsonville, CA",6,California,87,Santa Cruz,36.98332,-121.98822
02/14/2025,AQS,60870007,3,6.9,ug/m3 LC,38,Santa Cruz,1,100,88101,PM2.5 - Local Conditions,170,Met One BAM-1020 Mass Monitor w/VSCC,42100,"Santa Cruz-Watsonville, CA",6,California,87,Santa Cruz,36.98332,-121.98822
02/15/2025,AQS,60870007,3,5.6,ug/m3 LC,31,Santa Cruz,1,100,88101,PM2.5 - Local Conditions,170,Met One BAM-1020 Mass Monitor w/VSCC,42100,"Santa Cruz-Watsonville, CA",6,California,87,Santa Cruz,36.98332,-121.98822
02/16/2025,AQS,60870007,3,4.6,ug/m3 LC,26,Santa Cruz,1,100,88101,PM2.5 - Local Conditions,170,Met One BAM-1020 Mass Monitor w/VSCC,42100,"Santa Cruz-Watsonville, CA",6,California,87,Santa Cruz,36.98332,-121.98822
02/17/2025,AQS,60870007,3,3.9,ug/m3 LC,22,Santa Cruz,1,100,88101,PM2.5 - Local Conditions,170,Met One BAM-1020 Mass Monitor w/VSCC,42100,"Santa Cruz-Watsonville, CA",6,California,87,Santa Cruz,36.98332,-121.98822
02/18/2025,AQS,60870007,3,6,ug/m3 LC,33,Santa Cruz,1,100,88101,PM2.5 - Local Conditions,170,Met One BAM-1020 Mass Monitor w/VSCC,42100,"Santa Cruz-Watsonville, CA",6,California,87,Santa Cruz,36.98332,-121.98822
02/19/2025,AQS,60870007,3,5.2,ug/m3 LC,29,Santa Cruz,1,100,88101,PM2.5 - Local Conditions,170,Met One BAM-1020 Mass Monitor w/VSCC,42100,"Santa Cruz-Watsonville, CA",6,California,87,Santa Cruz,36.98332,-121.98822
02/20/2025,AQS,60870007,3,4.5,ug/m3 LC,25,Santa Cruz,1,100,88101,PM2.5 - Local Conditions,170,Met One BAM-1020 Mass Monitor w/VSCC,42100,"Santa Cruz-Watsonville, CA",6,California,87,Santa Cruz,36.98332,-121.98822
02/21/2025,AQS,60870007,3,6.4,ug/m3 LC,36,Santa Cruz,1,100,88101,PM2.5 - Local Conditions,170,Met One BAM-1020 Mass Monitor w/VSCC,42100,"Santa Cruz-Watsonville, CA",6,California,87,Santa Cruz,36.98332,-121.98822
02/22/2025,AQS,60870007,3,5.5,ug/m3 LC,31,Santa Cruz,1,100,88101,PM2.5 - Local Conditions,170,Met One BAM-1020 Mass Monitor w/VSCC,42100,"Santa Cruz-Watsonville, CA",6,California,87,Santa Cruz,36.98332,-121.98822
02/23/2025,AQS,60870007,3,6.8,ug/m3 LC,38,Santa Cruz,1,100,88101,PM2.5 - Local Conditions,170,Met One BAM-1020 Mass Monitor w/VSCC,42100,"Santa Cruz-Watsonville, CA",6,California,87,Santa Cruz,36.98332,-121.98822
02/24/2025,AQS,60870007,3,5.3,ug/m3 LC,29,Santa Cruz,1,100,88101,PM2.5 - Local Conditions,170,Met One BAM-1020 Mass Monitor w/VSCC,42100,"Santa Cruz-Watsonville, CA",6,California,87,Santa Cruz,36.98332,-121.98822
02/25/2025,AQS,60870007,3,5.9,ug/m3 LC,33,Santa Cruz,1,100,88101,PM2.5 - Local Conditions,170,Met One BAM-1020 Mass Monitor w/VSCC,42100,"Santa Cruz-Watsonville, CA",6,California,87,Santa Cruz,36.98332,-121.98822
02/26/2025,AQS,60870007,3,4.2,ug/m3 LC,23,Santa Cruz,1,100,88101,PM2.5 - Local Conditions,170,Met One BAM-1020 Mass Monitor w/VSCC,42100,"Santa Cruz-Watsonville, CA",6,California,87,Santa Cruz,36.98332,-121.98822
02/27/2025,AQS,60870007,3,5.5,ug/m3 LC,31,Santa Cruz,1,100,88101,PM2.5 - Local Conditions,170,Met One BAM-1020 Mass Monitor w/VSCC,42100,"Santa Cruz-Watsonville, CA",6,California,87,Santa Cruz,36.98332,-121.98822
02/28/2025,AQS,60870007,3,9.6,ug/m3 LC,52,Santa Cruz,1,100,88101,PM2.5 - Local Conditions,170,Met One BAM-1020 Mass Monitor w/VSCC,42100,"Santa Cruz-Watsonville, CA",6,California,87,Santa Cruz,36.98332,-121.98822
03/01/2025,AQS,60870007,3,6,ug/m3 LC,33,Santa Cruz,1,100,88101,PM2.5 - Local Conditions,170,Met One BAM-1020 Mass Monitor w/VSCC,42100,"Santa Cruz-Watsonville, CA",6,California,87,Santa Cruz,36.98332,-121.98822
03/02/2025,AQS,60870007,3,3,ug/m3 LC,17,Santa Cruz,1,100,88101,PM2.5 - Local Conditions,170,Met One BAM-1020 Mass Monitor w/VSCC,42100,"Santa Cruz-Watsonville, CA",6,California,87,Santa Cruz,36.98332,-121.98822
03/03/2025,AQS,60870007,3,2.9,ug/m3 LC,16,Santa Cruz,1,100,88101,PM2.5 - Local Conditions,170,Met One BAM-1020 Mass Monitor w/VSCC,42100,"Santa Cruz-Watsonville, CA",6,California,87,Santa Cruz,36.98332,-121.98822
03/04/2025,AQS,60870007,3,2.7,ug/m3 LC,15,Santa Cruz,1,100,88101,PM2.5 - Local Conditions,170,Met One BAM-1020 Mass Monitor w/VSCC,42100,"Santa Cruz-Watsonville, CA",6,California,87,Santa Cruz,36.98332,-121.98822
03/05/2025,AQS,60870007,3,4.4,ug/m3 LC,24,Santa Cruz,1,100,88101,PM2.5 - Local Conditions,170,Met One BAM-1020 Mass Monitor w/VSCC,42100,"Santa Cruz-Watsonville, CA",6,California,87,Santa Cruz,36.98332,-121.98822
03/06/2025,AQS,60870007,3,2.7,ug/m3 LC,15,Santa Cruz,1,100,88101,PM2.5 - Local Conditions,170,Met One BAM-1020 Mass Monitor w/VSCC,42100,"Santa Cruz-Watsonville, CA",6,California,87,Santa Cruz,36.98332,-121.98822
03/07/2025,AQS,60870007,3,5,ug/m3 LC,28,Santa Cruz,1,100,88101,PM2.5 - Local Conditions,170,Met One BAM-1020 Mass Monitor w/VSCC,42100,"Santa Cruz-Watsonville, CA",6,California,87,Santa Cruz,36.98332,-121.98822
03/08/2025,AQS,60870007,3,5.3,ug/m3 LC,29,Santa Cruz,1,100,88101,PM2.5 - Local Conditions,170,Met One BAM-1020 Mass Monitor w/VSCC,42100,"Santa Cruz-Watsonville, CA",6,California,87,Santa Cruz,36.98332,-121.98822
03/09/2025,AQS,60870007,3,5.3,ug/m3 LC,29,Santa Cruz,1,100,88101,PM2.5 - Local Conditions,170,Met One BAM-1020 Mass Monitor w/VSCC,42100,"Santa Cruz-Watsonville, CA",6,California,87,Santa Cruz,36.98332,-121.98822
03/10/2025,AQS,60870007,3,3.6,ug/m3 LC,20,Santa Cruz,1,100,88101,PM2.5 - Local Conditions,170,Met One BAM-1020 Mass Monitor w/VSCC,42100,"Santa Cruz-Watsonville, CA",6,California,87,Santa Cruz,36.98332,-121.98822
03/11/2025,AQS,60870007,3,3.3,ug/m3 LC,18,Santa Cruz,1,100,88101,PM2.5 - Local Conditions,170,Met One BAM-1020 Mass Monitor w/VSCC,42100,"Santa Cruz-Watsonville, CA",6,California,87,Santa Cruz,36.98332,-121.98822
03/12/2025,AQS,60870007,3,4.5,ug/m3 LC,25,Santa Cruz,1,100,88101,PM2.5 - Local Conditions,170,Met One BAM-1020 Mass Monitor w/VSCC,42100,"Santa Cruz-Watsonville, CA",6,California,87,Santa Cruz,36.98332,-121.98822
03/13/2025,AQS,60870007,3,1.7,ug/m3 LC,9,Santa Cruz,1,100,88101,PM2.5 - Local Conditions,170,Met One BAM-1020 Mass Monitor w/VSCC,42100,"Santa Cruz-Watsonville, CA",6,California,87,Santa Cruz,36.98332,-121.98822
03/14/2025,AQS,60870007,3,4.6,ug/m3 LC,26,Santa Cruz,1,100,88101,PM2.5 - Local Conditions,170,Met One BAM-1020 Mass Monitor w/VSCC,42100,"Santa Cruz-Watsonville, CA",6,California,87,Santa Cruz,36.98332,-121.98822
03/15/2025,AQS,60870007,3,12.1,ug/m3 LC,57,Santa Cruz,1,100,88101,PM2.5 - Local Conditions,170,Met One BAM-1020 Mass Monitor w/VSCC,42100,"Santa Cruz-Watsonville, CA",6,California,87,Santa Cruz,36.98332,-121.98822
03/16/2025,AQS,60870007,3,8.3,ug/m3 LC,46,Santa Cruz,1,100,88101,PM2.5 - Local Conditions,170,Met One BAM-1020 Mass Monitor w/VSCC,42100,"Santa Cruz-Watsonville, CA",6,California,87,Santa Cruz,36.98332,-121.98822
03/17/2025,AQS,60870007,3,3.5,ug/m3 LC,19,Santa Cruz,1,100,88101,PM2.5 - Local Conditions,170,Met One BAM-1020 Mass Monitor w/VSCC,42100,"Santa Cruz-Watsonville, CA",6,California,87,Santa Cruz,36.98332,-121.98822
03/18/2025,AQS,60870007,3,4.2,ug/m3 LC,23,Santa Cruz,1,100,88101,PM2.5 - Local Conditions,170,Met One BAM-1020 Mass Monitor w/VSCC,42100,"Santa Cruz-Watsonville, CA",6,California,87,Santa Cruz,36.98332,-121.98822
03/19/2025,AQS,60870007,3,3.4,ug/m3 LC,19,Santa Cruz,1,100,88101,PM2.5 - Local Conditions,170,Met One BAM-1020 Mass Monitor w/VSCC,42100,"Santa Cruz-Watsonville, CA",6,California,87,Santa Cruz,36.98332,-121.98822
03/20/2025,AQS,60870007,3,1.7,ug/m3 LC,9,Santa Cruz,1,100,88101,PM2.5 - Local Conditions,170,Met One BAM-1020 Mass Monitor w/VSCC,42100,"Santa Cruz-Watsonville, CA",6,California,87,Santa Cruz,36.98332,-121.98822
03/21/2025,AQS,60870007,3,2.6,ug/m3 LC,14,Santa Cruz,1,100,88101,PM2.5 - Local Conditions,170,Met One BAM-1020 Mass Monitor w/VSCC,42100,"Santa Cruz-Watsonville, CA",6,California,87,Santa Cruz,36.98332,-121.98822
03/22/2025,AQS,60870007,3,3.2,ug/m3 LC,18,Santa Cruz,1,100,88101,PM2.5 - Local Conditions,170,Met One BAM-1020 Mass Monitor w/VSCC,42100,"Santa Cruz-Watsonville, CA",6,California,87,Santa Cruz,36.98332,-121.98822
03/23/2025,AQS,60870007,3,4.7,ug/m3 LC,26,Santa Cruz,1,100,88101,PM2.5 - Local Conditions,170,Met One BAM-1020 Mass Monitor w/VSCC,42100,"Santa Cruz-Watsonville, CA",6,California,87,Santa Cruz,36.98332,-121.98822
03/24/2025,AQS,60870007,3,2.4,ug/m3 LC,13,Santa Cruz,1,100,88101,PM2.5 - Local Conditions,170,Met One BAM-1020 Mass Monitor w/VSCC,42100,"Santa Cruz-Watsonville, CA",6,California,87,Santa Cruz,36.98332,-121.98822
03/25/2025,AQS,60870007,3,3.4,ug/m3 LC,19,Santa Cruz,1,100,88101,PM2.5 - Local Conditions,170,Met One BAM-1020 Mass Monitor w/VSCC,42100,"Santa Cruz-Watsonville, CA",6,California,87,Santa Cruz,36.98332,-121.98822
03/26/2025,AQS,60870007,3,3,ug/m3 LC,17,Santa Cruz,1,100,88101,PM2.5 - Local Conditions,170,Met One BAM-1020 Mass Monitor w/VSCC,42100,"Santa Cruz-Watsonville, CA",6,California,87,Santa Cruz,36.98332,-121.98822
03/27/2025,AQS,60870007,3,2.5,ug/m3 LC,14,Santa Cruz,1,100,88101,PM2.5 - Local Conditions,170,Met One BAM-1020 Mass Monitor w/VSCC,42100,"Santa Cruz-Watsonville, CA",6,California,87,Santa Cruz,36.98332,-121.98822
03/28/2025,AQS,60870007,3,1.8,ug/m3 LC,10,Santa Cruz,1,100,88101,PM2.5 - Local Conditions,170,Met One BAM-1020 Mass Monitor w/VSCC,42100,"Santa Cruz-Watsonville, CA",6,California,87,Santa Cruz,36.98332,-121.98822
03/29/2025,AQS,60870007,3,3.1,ug/m3 LC,17,Santa Cruz,1,100,88101,PM2.5 - Local Conditions,170,Met One BAM-1020 Mass Monitor w/VSCC,42100,"Santa Cruz-Watsonville, CA",6,California,87,Santa Cruz,36.98332,-121.98822
03/30/2025,AQS,60870007,3,2,ug/m3 LC,11,Santa Cruz,1,100,88101,PM2.5 - Local Conditions,170,Met One BAM-1020 Mass Monitor w/VSCC,42100,"Santa Cruz-Watsonville, CA",6,California,87,Santa Cruz,36.98332,-121.98822
03/31/2025,AQS,60870007,3,3,ug/m3 LC,17,Santa Cruz,1,100,88101,PM2.5 - Local Conditions,170,Met One BAM-1020 Mass Monitor w/VSCC,42100,"Santa Cruz-Watsonville, CA",6,California,87,Santa Cruz,36.98332,-121.98822
04/01/2025,AQS,60870007,3,2.5,ug/m3 LC,14,Santa Cruz,1,100,88101,PM2.5 - Local Conditions,170,Met One BAM-1020 Mass Monitor w/VSCC,42100,"Santa Cruz-Watsonville, CA",6,California,87,Santa Cruz,36.98332,-121.98822
04/02/2025,AQS,60870007,3,2,ug/m3 LC,11,Santa Cruz,1,100,88101,PM2.5 - Local Conditions,170,Met One BAM-1020 Mass Monitor w/VSCC,42100,"Santa Cruz-Watsonville, CA",6,California,87,Santa Cruz,36.98332,-121.98822
04/03/2025,AQS,60870007,3,2.8,ug/m3 LC,16,Santa Cruz,1,100,88101,PM2.5 - Local Conditions,170,Met One BAM-1020 Mass Monitor w/VSCC,42100,"Santa Cruz-Watsonville, CA",6,California,87,Santa Cruz,36.98332,-121.98822
04/04/2025,AQS,60870007,3,2.4,ug/m3 LC,13,Santa Cruz,1,100,88101,PM2.5 - Local Conditions,170,Met One BAM-1020 Mass Monitor w/VSCC,42100,"Santa Cruz-Watsonville, CA",6,California,87,Santa Cruz,36.98332,-121.98822
04/05/2025,AQS,60870007,3,3.1,ug/m3 LC,17,Santa Cruz,1,100,88101,PM2.5 - Local Conditions,170,Met One BAM-1020 Mass Monitor w/VSCC,42100,"Santa Cruz-Watsonville, CA",6,California,87,Santa Cruz,36.98332,-121.98822
04/06/2025,AQS,60870007,3,3.5,ug/m3 LC,19,Santa Cruz,1,100,88101,PM2.5 - Local Conditions,170,Met One BAM-1020 Mass Monitor w/VSCC,42100,"Santa Cruz-Watsonville, CA",6,California,87,Santa Cruz,36.98332,-121.98822
04/07/2025,AQS,60870007,3,2.7,ug/m3 LC,15,Santa Cruz,1,100,88101,PM2.5 - Local Conditions,170,Met One BAM-1020 Mass Monitor w/VSCC,42100,"Santa Cruz-Watsonville, CA",6,California,87,Santa Cruz,36.98332,-121.98822
04/08/2025,AQS,60870007,3,3.4,ug/m3 LC,19,Santa Cruz,1,100,88101,PM2.5 - Local Conditions,170,Met One BAM-1020 Mass Monitor w/VSCC,42100,"Santa Cruz-Watsonville, CA",6,California,87,Santa Cruz,36.98332,-121.98822
04/09/2025,AQS,60870007,3,4.9,ug/m3 LC,27,Santa Cruz,1,100,88101,PM2.5 - Local Conditions,170,Met One BAM-1020 Mass Monitor w/VSCC,42100,"Santa Cruz-Watsonville, CA",6,California,87,Santa Cruz,36.98332,-121.98822
04/10/2025,AQS,60870007,3,4.9,ug/m3 LC,27,Santa Cruz,1,100,88101,PM2.5 - Local Conditions,170,Met One BAM-1020 Mass Monitor w/VSCC,42100,"Santa Cruz-Watsonville, CA",6,California,87,Santa Cruz,36.98332,-121.98822
04/11/2025,AQS,60870007,3,4.5,ug/m3 LC,25,Santa Cruz,1,100,88101,PM2.5 - Local Conditions,170,Met One BAM-1020 Mass Monitor w/VSCC,42100,"Santa Cruz-Watsonville, CA",6,California,87,Santa Cruz,36.98332,-121.98822
04/12/2025,AQS,60870007,3,7.5,ug/m3 LC,42,Santa Cruz,1,100,88101,PM2.5 - Local Conditions,170,Met One BAM-1020 Mass Monitor w/VSCC,42100,"Santa Cruz-Watsonville, CA",6,California,87,Santa Cruz,36.98332,-121.98822
04/13/2025,AQS,60870007,3,7.7,ug/m3 LC,43,Santa Cruz,1,100,88101,PM2.5 - Local Conditions,170,Met One BAM-1020 Mass Monitor w/VSCC,42100,"Santa Cruz-Watsonville, CA",6,California,87,Santa Cruz,36.98332,-121.98822
04/14/2025,AQS,60870007,3,5.3,ug/m3 LC,29,Santa Cruz,1,100,88101,PM2.5 - Local Conditions,170,Met One BAM-1020 Mass Monitor w/VSCC,42100,"Santa Cruz-Watsonville, CA",6,California,87,Santa Cruz,36.98332,-121.98822
04/15/2025,AQS,60870007,3,4,ug/m3 LC,22,Santa Cruz,1,100,88101,PM2.5 - Local Conditions,170,Met One BAM-1020 Mass Monitor w/VSCC,42100,"Santa Cruz-Watsonville, CA",6,California,87,Santa Cruz,36.98332,-121.98822
04/16/2025,AQS,60870007,3,6.1,ug/m3 LC,34,Santa Cruz,1,100,88101,PM2.5 - Local Conditions,170,Met One BAM-1020 Mass Monitor w/VSCC,42100,"Santa Cruz-Watsonville, CA",6,California,87,Santa Cruz,36.98332,-121.98822
04/17/2025,AQS,60870007,3,2.9,ug/m3 LC,16,Santa Cruz,1,100,88101,PM2.5 - Local Conditions,170,Met One BAM-1020 Mass Monitor w/VSCC,42100,"Santa Cruz-Watsonville, CA",6,California,87,Santa Cruz,36.98332,-121.98822
04/18/2025,AQS,60870007,3,4.1,ug/m3 LC,23,Santa Cruz,1,100,88101,PM2.5 - Local Conditions,170,Met One BAM-1020 Mass Monitor w/VSCC,42100,"Santa Cruz-Watsonville, CA",6,California,87,Santa Cruz,36.98332,-121.98822
04/19/2025,AQS,60870007,3,6.7,ug/m3 LC,37,Santa Cruz,1,100,88101,PM2.5 - Local Conditions,170,Met One BAM-1020 Mass Monitor w/VSCC,42100,"Santa Cruz-Watsonville, CA",6,California,87,Santa Cruz,36.98332,-121.98822
04/20/2025,AQS,60870007,3,4.7,ug/m3 LC,26,Santa Cruz,1,100,88101,PM2.5 - Local Conditions,170,Met One BAM-1020 Mass Monitor w/VSCC,42100,"Santa Cruz-Watsonville, CA",6,California,87,Santa Cruz,36.98332,-121.98822
04/21/2025,AQS,60870007,3,5.4,ug/m3 LC,30,Santa Cruz,1,100,88101,PM2.5 - Local Conditions,170,Met One BAM-1020 Mass Monitor w/VSCC,42100,"Santa Cruz-Watsonville, CA",6,California,87,Santa Cruz,36.98332,-121.98822
04/22/2025,AQS,60870007,3,6.1,ug/m3 LC,34,Santa Cruz,1,100,88101,PM2.5 - Local Conditions,170,Met One BAM-1020 Mass Monitor w/VSCC,42100,"Santa Cruz-Watsonville, CA",6,California,87,Santa Cruz,36.98332,-121.98822
04/23/2025,AQS,60870007,3,7.9,ug/m3 LC,44,Santa Cruz,1,100,88101,PM2.5 - Local Conditions,170,Met One BAM-1020 Mass Monitor w/VSCC,42100,"Santa Cruz-Watsonville, CA",6,California,87,Santa Cruz,36.98332,-121.98822
04/24/2025,AQS,60870007,3,3,ug/m3 LC,17,Santa Cruz,1,100,88101,PM2.5 - Local Conditions,170,Met One BAM-1020 Mass Monitor w/VSCC,42100,"Santa Cruz-Watsonville, CA",6,California,87,Santa Cruz,36.98332,-121.98822
04/25/2025,AQS,60870007,3,2.4,ug/m3 LC,13,Santa Cruz,1,100,88101,PM2.5 - Local Conditions,170,Met One BAM-1020 Mass Monitor w/VSCC,42100,"Santa Cruz-Watsonville, CA",6,California,87,Santa Cruz,36.98332,-121.98822
04/26/2025,AQS,60870007,3,1.3,ug/m3 LC,7,Santa Cruz,1,100,88101,PM2.5 - Local Conditions,170,Met One BAM-1020 Mass Monitor w/VSCC,42100,"Santa Cruz-Watsonville, CA",6,California,87,Santa Cruz,36.98332,-121.98822
04/27/2025,AQS,60870007,3,3.2,ug/m3 LC,18,Santa Cruz,1,100,88101,PM2.5 - Local Conditions,170,Met One BAM-1020 Mass Monitor w/VSCC,42100,"Santa Cruz-Watsonville, CA",6,California,87,Santa Cruz,36.98332,-121.98822
04/28/2025,AQS,60870007,3,5,ug/m3 LC,28,Santa Cruz,1,100,88101,PM2.5 - Local Conditions,170,Met One BAM-1020 Mass Monitor w/VSCC,42100,"Santa Cruz-Watsonville, CA",6,California,87,Santa Cruz,36.98332,-121.98822
04/29/2025,AQS,60870007,3,6.6,ug/m3 LC,37,Santa Cruz,1,100,88101,PM2.5 - Local Conditions,170,Met One BAM-1020 Mass Monitor w/VSCC,42100,"Santa Cruz-Watsonville, CA",6,California,87,Santa Cruz,36.98332,-121.98822
04/30/2025,AQS,60870007,3,5.3,ug/m3 LC,29,Santa Cruz,1,100,88101,PM2.5 - Local Conditions,170,Met One BAM-1020 Mass Monitor w/VSCC,42100,"Santa Cruz-Watsonville, CA",6,California,87,Santa Cruz,36.98332,-121.98822
05/01/2025,AQS,60870007,3,6.7,ug/m3 LC,37,Santa Cruz,1,100,88101,PM2.5 - Local Conditions,170,Met One BAM-1020 Mass Monitor w/VSCC,42100,"Santa Cruz-Watsonville, CA",6,California,87,Santa Cruz,36.98332,-121.98822
05/02/2025,AQS,60870007,3,4,ug/m3 LC,22,Santa Cruz,1,100,88101,PM2.5 - Local Conditions,170,Met One BAM-1020 Mass Monitor w/VSCC,42100,"Santa Cruz-Watsonville, CA",6,California,87,Santa Cruz,36.98332,-121.98822
05/03/2025,AQS,60870007,3,4.1,ug/m3 LC,23,Santa Cruz,1,100,88101,PM2.5 - Local Conditions,170,Met One BAM-1020 Mass Monitor w/VSCC,42100,"Santa Cruz-Watsonville, CA",6,California,87,Santa Cruz,36.98332,-121.98822
05/04/2025,AQS,60870007,3,8.3,ug/m3 LC,46,Santa Cruz,1,100,88101,PM2.5 - Local Conditions,170,Met One BAM-1020 Mass Monitor w/VSCC,42100,"Santa Cruz-Watsonville, CA",6,California,87,Santa Cruz,36.98332,-121.98822
05/05/2025,AQS,60870007,3,11.4,ug/m3 LC,55,Santa Cruz,1,100,88101,PM2.5 - Local Conditions,170,Met One BAM-1020 Mass Monitor w/VSCC,42100,"Santa Cruz-Watsonville, CA",6,California,87,Santa Cruz,36.98332,-121.98822
05/06/2025,AQS,60870007,3,11.9,ug/m3 LC,56,Santa Cruz,1,100,88101,PM2.5 - Local Conditions,170,Met One BAM-1020 Mass Monitor w/VSCC,42100,"Santa Cruz-Watsonville, CA",6,California,87,Santa Cruz,36.98332,-121.98822
05/07/2025,AQS,60870007,3,8.2,ug/m3 LC,46,Santa Cruz,1,100,88101,PM2.5 - Local Conditions,170,Met One BAM-1020 Mass Monitor w/VSCC,42100,"Santa Cruz-Watsonville, CA",6,California,87,Santa Cruz,36.98332,-121.98822
05/08/2025,AQS,60870007,3,4,ug/m3 LC,22,Santa Cruz,1,100,88101,PM2.5 - Local Conditions,170,Met One BAM-1020 Mass Monitor w/VSCC,42100,"Santa Cruz-Watsonville, CA",6,California,87,Santa Cruz,36.98332,-121.98822
05/09/2025,AQS,60870007,3,6.8,ug/m3 LC,38,Santa Cruz,1,100,88101,PM2.5 - Local Conditions,170,Met One BAM-1020 Mass Monitor w/VSCC,42100,"Santa Cruz-Watsonville, CA",6,California,87,Santa Cruz,36.98332,-121.98822
05/10/2025,AQS,60870007,3,7.4,ug/m3 LC,41,Santa Cruz,1,100,88101,PM2.5 - Local Conditions,170,Met One BAM-1020 Mass Monitor w/VSCC,42100,"Santa Cruz-Watsonville, CA",6,California,87,Santa Cruz,36.98332,-121.98822
05/11/2025,AQS,60870007,3,4,ug/m3 LC,22,Santa Cruz,1,100,88101,PM2.5 - Local Conditions,170,Met One BAM-1020 Mass Monitor w/VSCC,42100,"Santa Cruz-Watsonville, CA",6,California,87,Santa Cruz,36.98332,-121.98822
05/12/2025,AQS,60870007,3,2.9,ug/m3 LC,16,Santa Cruz,1,100,88101,PM2.5 - Local Conditions,170,Met One BAM-1020 Mass Monitor w/VSCC,42100,"Santa Cruz-Watsonville, CA",6,California,87,Santa Cruz,36.98332,-121.98822
05/13/2025,AQS,60870007,3,2.4,ug/m3 LC,13,Santa Cruz,1,100,88101,PM2.5 - Local Conditions,170,Met One BAM-1020 Mass Monitor w/VSCC,42100,"Santa Cruz-Watsonville, CA",6,California,87,Santa Cruz,36.98332,-121.98822
05/14/2025,AQS,60870007,3,7.7,ug/m3 LC,43,Santa Cruz,1,100,88101,PM2.5 - Local Conditions,170,Met One BAM-1020 Mass Monitor w/VSCC,42100,"Santa Cruz-Watsonville, CA",6,California,87,Santa Cruz,36.98332,-121.98822
05/15/2025,AQS,60870007,3,8.3,ug/m3 LC,46,Santa Cruz,1,100,88101,PM2.5 - Local Conditions,170,Met One BAM-1020 Mass Monitor w/VSCC,42100,"Santa Cruz-Watsonville, CA",6,California,87,Santa Cruz,36.98332,-121.98822
05/16/2025,AQS,60870007,3,8.6,ug/m3 LC,48,Santa Cruz,1,100,88101,PM2.5 - Local Conditions,170,Met One BAM-1020 Mass Monitor w/VSCC,42100,"Santa Cruz-Watsonville, CA",6,California,87,Santa Cruz,36.98332,-121.98822
05/17/2025,AQS,60870007,3,2.2,ug/m3 LC,12,Santa Cruz,1,100,88101,PM2.5 - Local Conditions,170,Met One BAM-1020 Mass Monitor w/VSCC,42100,"Santa Cruz-Watsonville, CA",6,California,87,Santa Cruz,36.98332,-121.98822
05/18/2025,AQS,60870007,3,7,ug/m3 LC,39,Santa Cruz,1,100,88101,PM2.5 - Local Conditions,170,Met One BAM-1020 Mass Monitor w/VSCC,42100,"Santa Cruz-Watsonville, CA",6,California,87,Santa Cruz,36.98332,-121.98822
05/19/2025,AQS,60870007,3,6.4,ug/m3 LC,36,Santa Cruz,1,100,88101,PM2.5 - Local Conditions,170,Met One BAM-1020 Mass Monitor w/VSCC,42100,"Santa Cruz-Watsonville, CA",6,California,87,Santa Cruz,36.98332,-121.98822
05/20/2025,AQS,60870007,3,5.7,ug/m3 LC,32,Santa Cruz,1,100,88101,PM2.5 - Local Conditions,170,Met One BAM-1020 Mass Monitor w/VSCC,42100,"Santa Cruz-Watsonville, CA",6,California,87,Santa Cruz,36.98332,-121.98822
05/21/2025,AQS,60870007,3,7.9,ug/m3 LC,44,Santa Cruz,1,100,88101,PM2.5 - Local Conditions,170,Met One BAM-1020 Mass Monitor w/VSCC,42100,"Santa Cruz-Watsonville, CA",6,California,87,Santa Cruz,36.98332,-121.98822
05/22/2025,AQS,60870007,3,3.8,ug/m3 LC,21,Santa Cruz,1,100,88101,PM2.5 - Local Conditions,170,Met One BAM-1020 Mass Monitor w/VSCC,42100,"Santa Cruz-Watsonville, CA",6,California,87,Santa Cruz,36.98332,-121.98822
05/23/2025,AQS,60870007,3,5.2,ug/m3 LC,29,Santa Cruz,1,100,88101,PM2.5 - Local Conditions,170,Met One BAM-1020 Mass Monitor w/VSCC,42100,"Santa Cruz-Watsonville, CA",6,California,87,Santa Cruz,36.98332,-121.98822
05/24/2025,AQS,60870007,3,4.4,ug/m3 LC,24,Santa Cruz,1,100,88101,PM2.5 - Local Conditions,170,Met One BAM-1020 Mass Monitor w/VSCC,42100,"Santa Cruz-Watsonville, CA",6,California,87,Santa Cruz,36.98332,-121.98822
05/25/2025,AQS,60870007,3,2.2,ug/m3 LC,12,Santa Cruz,1,100,88101,PM2.5 - Local Conditions,170,Met One BAM-1020 Mass Monitor w/VSCC,42100,"Santa Cruz-Watsonville, CA",6,California,87,Santa Cruz,36.98332,-121.98822
05/26/2025,AQS,60870007,3,1.7,ug/m3 LC,9,Santa Cruz,1,100,88101,PM2.5 - Local Conditions,170,Met One BAM-1020 Mass Monitor w/VSCC,42100,"Santa Cruz-Watsonville, CA",6,California,87,Santa Cruz,36.98332,-121.98822
05/27/2025,AQS,60870007,3,6.1,ug/m3 LC,34,Santa Cruz,1,100,88101,PM2.5 - Local Conditions,170,Met One BAM-1020 Mass Monitor w/VSCC,42100,"Santa Cruz-Watsonville, CA",6,California,87,Santa Cruz,36.98332,-121.98822
05/28/2025,AQS,60870007,3,3.5,ug/m3 LC,19,Santa Cruz,1,100,88101,PM2.5 - Local Conditions,170,Met One BAM-1020 Mass Monitor w/VSCC,42100,"Santa Cruz-Watsonville, CA",6,California,87,Santa Cruz,36.98332,-121.98822
05/29/2025,AQS,60870007,3,3.5,ug/m3 LC,19,Santa Cruz,1,100,88101,PM2.5 - Local Conditions,170,Met One BAM-1020 Mass Monitor w/VSCC,42100,"Santa Cruz-Watsonville, CA",6,California,87,Santa Cruz,36.98332,-121.98822
05/30/2025,AQS,60870007,3,4.8,ug/m3 LC,27,Santa Cruz,1,100,88101,PM2.5 - Local Conditions,170,Met One BAM-1020 Mass Monitor w/VSCC,42100,"Santa Cruz-Watsonville, CA",6,California,87,Santa Cruz,36.98332,-121.98822
05/31/2025,AQS,60870007,3,6.5,ug/m3 LC,36,Santa Cruz,1,100,88101,PM2.5 - Local Conditions,170,Met One BAM-1020 Mass Monitor w/VSCC,42100,"Santa Cruz-Watsonville, CA",6,California,87,Santa Cruz,36.98332,-121.98822
06/01/2025,AQS,60870007,3,10.4,ug/m3 LC,53,Santa Cruz,1,100,88101,PM2.5 - Local Conditions,170,Met One BAM-1020 Mass Monitor w/VSCC,42100,"Santa Cruz-Watsonville, CA",6,California,87,Santa Cruz,36.98332,-121.98822
06/03/2025,AQS,60870007,3,5.1,ug/m3 LC,28,Santa Cruz,1,100,88101,PM2.5 - Local Conditions,170,Met One BAM-1020 Mass Monitor w/VSCC,42100,"Santa Cruz-Watsonville, CA",6,California,87,Santa Cruz,36.98332,-121.98822
06/04/2025,AQS,60870007,3,7.7,ug/m3 LC,43,Santa Cruz,1,100,88101,PM2.5 - Local Conditions,170,Met One BAM-1020 Mass Monitor w/VSCC,42100,"Santa Cruz-Watsonville, CA",6,California,87,Santa Cruz,36.98332,-121.98822
06/05/2025,AQS,60870007,3,5.2,ug/m3 LC,29,Santa Cruz,1,100,88101,PM2.5 - Local Conditions,170,Met One BAM-1020 Mass Monitor w/VSCC,42100,"Santa Cruz-Watsonville, CA",6,California,87,Santa Cruz,36.98332,-121.98822
06/06/2025,AQS,60870007,3,4.7,ug/m3 LC,26,Santa Cruz,1,100,88101,PM2.5 - Local Conditions,170,Met One BAM-1020 Mass Monitor w/VSCC,42100,"Santa Cruz-Watsonville, CA",6,California,87,Santa Cruz,36.98332,-121.98822
06/07/2025,AQS,60870007,3,2.6,ug/m3 LC,14,Santa Cruz,1,100,88101,PM2.5 - Local Conditions,170,Met One BAM-1020 Mass Monitor w/VSCC,42100,"Santa Cruz-Watsonville, CA",6,California,87,Santa Cruz,36.98332,-121.98822
06/08/2025,AQS,60870007,3,2.4,ug/m3 LC,13,Santa Cruz,1,100,88101,PM2.5 - Local Conditions,170,Met One BAM-1020 Mass Monitor w/VSCC,42100,"Santa Cruz-Watsonville, CA",6,California,87,Santa Cruz,36.98332,-121.98822
06/09/2025,AQS,60870007,3,1.6,ug/m3 LC,9,Santa Cruz,1,100,88101,PM2.5 - Local Conditions,170,Met One BAM-1020 Mass Monitor w/VSCC,42100,"Santa Cruz-Watsonville, CA",6,California,87,Santa Cruz,36.98332,-121.98822
06/10/2025,AQS,60870007,3,3.5,ug/m3 LC,19,Santa Cruz,1,100,88101,PM2.5 - Local Conditions,170,Met One BAM-1020 Mass Monitor w/VSCC,42100,"Santa Cruz-Watsonville, CA",6,California,87,Santa Cruz,36.98332,-121.98822
06/11/2025,AQS,60870007,3,7.7,ug/m3 LC,43,Santa Cruz,1,100,88101,PM2.5 - Local Conditions,170,Met One BAM-1020 Mass Monitor w/VSCC,42100,"Santa Cruz-Watsonville, CA",6,California,87,Santa Cruz,36.98332,-121.98822
06/12/2025,AQS,60870007,3,10,ug/m3 LC,53,Santa Cruz,1,100,88101,PM2.5 - Local Conditions,170,Met One BAM-1020 Mass Monitor w/VSCC,42100,"Santa Cruz-Watsonville, CA",6,California,87,Santa Cruz,36.98332,-121.98822
06/13/2025,AQS,60870007,3,8.8,ug/m3 LC,49,Santa Cruz,1,100,88101,PM2.5 - Local Conditions,170,Met One BAM-1020 Mass Monitor w/VSCC,42100,"Santa Cruz-Watsonville, CA",6,California,87,Santa Cruz,36.98332,-121.98822
06/14/2025,AQS,60870007,3,8.7,ug/m3 LC,48,Santa Cruz,1,100,88101,PM2.5 - Local Conditions,170,Met One BAM-1020 Mass Monitor w/VSCC,42100,"Santa Cruz-Watsonville, CA",6,California,87,Santa Cruz,36.98332,-121.98822
06/15/2025,AQS,60870007,3,8.2,ug/m3 LC,46,Santa Cruz,1,100,88101,PM2.5 - Local Conditions,170,Met One BAM-1020 Mass Monitor w/VSCC,42100,"Santa Cruz-Watsonville, CA",6,California,87,Santa Cruz,36.98332,-121.98822
06/16/2025,AQS,60870007,3,7.1,ug/m3 LC,39,Santa Cruz,1,100,88101,PM2.5 - Local Conditions,170,Met One BAM-1020 Mass Monitor w/VSCC,42100,"Santa Cruz-Watsonville, CA",6,California,87,Santa Cruz,36.98332,-121.98822
06/17/2025,AQS,60870007,3,5.6,ug/m3 LC,31,Santa Cruz,1,100,88101,PM2.5 - Local Conditions,170,Met One BAM-1020 Mass Monitor w/VSCC,42100,"Santa Cruz-Watsonville, CA",6,California,87,Santa Cruz,36.98332,-121.98822
06/18/2025,AQS,60870007,3,5.1,ug/m3 LC,28,Santa Cruz,1,100,88101,PM2.5 - Local Conditions,170,Met One BAM-1020 Mass Monitor w/VSCC,42100,"Santa Cruz-Watsonville, CA",6,California,87,Santa Cruz,36.98332,-121.98822
06/19/2025,AQS,60870007,3,7.2,ug/m3 LC,40,Santa Cruz,1,100,88101,PM2.5 - Local Conditions,170,Met One BAM-1020 Mass Monitor w/VSCC,42100,"Santa Cruz-Watsonville, CA",6,California,87,Santa Cruz,36.98332,-121.98822
06/20/2025,AQS,60870007,3,5.2,ug/m3 LC,29,Santa Cruz,1,100,88101,PM2.5 - Local Conditions,170,Met One BAM-1020 Mass Monitor w/VSCC,42100,"Santa Cruz-Watsonville, CA",6,California,87,Santa Cruz,36.98332,-121.98822
06/21/2025,AQS,60870007,3,4.4,ug/m3 LC,24,Santa Cruz,1,100,88101,PM2.5 - Local Conditions,170,Met One BAM-1020 Mass Monitor w/VSCC,42100,"Santa Cruz-Watsonville, CA",6,California,87,Santa Cruz,36.98332,-121.98822
06/22/2025,AQS,60870007,3,6.4,ug/m3 LC,36,Santa Cruz,1,100,88101,PM2.5 - Local Conditions,170,Met One BAM-1020 Mass Monitor w/VSCC,42100,"Santa Cruz-Watsonville, CA",6,California,87,Santa Cruz,36.98332,-121.98822
06/23/2025,AQS,60870007,3,4.5,ug/m3 LC,25,Santa Cruz,1,100,88101,PM2.5 - Local Conditions,170,Met One BAM-1020 Mass Monitor w/VSCC,42100,"Santa Cruz-Watsonville, CA",6,California,87,Santa Cruz,36.98332,-121.98822
06/24/2025,AQS,60870007,3,2,ug/m3 LC,11,Santa Cruz,1,100,88101,PM2.5 - Local Conditions,170,Met One BAM-1020 Mass Monitor w/VSCC,42100,"Santa Cruz-Watsonville, CA",6,California,87,Santa Cruz,36.98332,-121.98822
06/25/2025,AQS,60870007,3,2.7,ug/m3 LC,15,Santa Cruz,1,100,88101,PM2.5 - Local Conditions,170,Met One BAM-1020 Mass Monitor w/VSCC,42100,"Santa Cruz-Watsonville, CA",6,California,87,Santa Cruz,36.98332,-121.98822
06/26/2025,AQS,60870007,3,3.6,ug/m3 LC,20,Santa Cruz,1,100,88101,PM2.5 - Local Conditions,170,Met One BAM-1020 Mass Monitor w/VSCC,42100,"Santa Cruz-Watsonville, CA",6,California,87,Santa Cruz,36.98332,-121.98822
06/27/2025,AQS,60870007,3,5.2,ug/m3 LC,29,Santa Cruz,1,100,88101,PM2.5 - Local Conditions,170,Met One BAM-1020 Mass Monitor w/VSCC,42100,"Santa Cruz-Watsonville, CA",6,California,87,Santa Cruz,36.98332,-121.98822
06/28/2025,AQS,60870007,3,3,ug/m3 LC,17,Santa Cruz,1,100,88101,PM2.5 - Local Conditions,170,Met One BAM-1020 Mass Monitor w/VSCC,42100,"Santa Cruz-Watsonville, CA",6,California,87,Santa Cruz,36.98332,-121.98822
06/29/2025,AQS,60870007,3,0.6,ug/m3 LC,3,Santa Cruz,1,100,88101,PM2.5 - Local Conditions,170,Met One BAM-1020 Mass Monitor w/VSCC,42100,"Santa Cruz-Watsonville, CA",6,California,87,Santa Cruz,36.98332,-121.98822
06/30/2025,AQS,60870007,3,0.4,ug/m3 LC,2,Santa Cruz,1,100,88101,PM2.5 - Local Conditions,170,Met One BAM-1020 Mass Monitor w/VSCC,42100,"Santa Cruz-Watsonville, CA",6,California,87,Santa Cruz,36.98332,-121.98822
07/01/2025,AQS,60870007,3,1.2,ug/m3 LC,7,Santa Cruz,1,100,88101,PM2.5 - Local Conditions,170,Met One BAM-1020 Mass Monitor w/VSCC,42100,"Santa Cruz-Watsonville, CA",6,California,87,Santa Cruz,36.98332,-121.98822
07/02/2025,AQS,60870007,3,2,ug/m3 LC,11,Santa Cruz,1,100,88101,PM2.5 - Local Conditions,170,Met One BAM-1020 Mass Monitor w/VSCC,42100,"Santa Cruz-Watsonville, CA",6,California,87,Santa Cruz,36.98332,-121.98822
07/03/2025,AQS,60870007,3,3.9,ug/m3 LC,22,Santa Cruz,1,100,88101,PM2.5 - Local Conditions,170,Met One BAM-1020 Mass Monitor w/VSCC,42100,"Santa Cruz-Watsonville, CA",6,California,87,Santa Cruz,36.98332,-121.98822
07/04/2025,AQS,60870007,3,3.8,ug/m3 LC,21,Santa Cruz,1,100,88101,PM2.5 - Local Conditions,170,Met One BAM-1020 Mass Monitor w/VSCC,42100,"Santa Cruz-Watsonville, CA",6,California,87,Santa Cruz,36.98332,-121.98822
07/05/2025,AQS,60870007,3,4.2,ug/m3 LC,23,Santa Cruz,1,100,88101,PM2.5 - Local Conditions,170,Met One BAM-1020 Mass Monitor w/VSCC,42100,"Santa Cruz-Watsonville, CA",6,California,87,Santa Cruz,36.98332,-121.98822
07/06/2025,AQS,60870007,3,4.1,ug/m3 LC,23,Santa Cruz,1,100,88101,PM2.5 - Local Conditions,170,Met One BAM-1020 Mass Monitor w/VSCC,42100,"Santa Cruz-Watsonville, CA",6,California,87,Santa Cruz,36.98332,-121.98822
07/07/2025,AQS,60870007,3,0.7,ug/m3 LC,4,Santa Cruz,1,100,88101,PM2.5 - Local Conditions,170,Met One BAM-1020 Mass Monitor w/VSCC,42100,"Santa Cruz-Watsonville, CA",6,California,87,Santa Cruz,36.98332,-121.98822
07/08/2025,AQS,60870007,3,-0.2,ug/m3 LC,0,Santa Cruz,1,100,88101,PM2.5 - Local Conditions,170,Met One BAM-1020 Mass Monitor w/VSCC,42100,"Santa Cruz-Watsonville, CA",6,California,87,Santa Cruz,36.98332,-121.98822
07/09/2025,AQS,60870007,3,1.2,ug/m3 LC,7,Santa Cruz,1,100,88101,PM2.5 - Local Conditions,170,Met One BAM-1020 Mass Monitor w/VSCC,42100,"Santa Cruz-Watsonville, CA",6,California,87,Santa Cruz,36.98332,-121.98822
07/10/2025,AQS,60870007,3,2.1,ug/m3 LC,12,Santa Cruz,1,100,88101,PM2.5 - Local Conditions,170,Met One BAM-1020 Mass Monitor w/VSCC,42100,"Santa Cruz-Watsonville, CA",6,California,87,Santa Cruz,36.98332,-121.98822
07/11/2025,AQS,60870007,3,1.8,ug/m3 LC,10,Santa Cruz,1,100,88101,PM2.5 - Local Conditions,170,Met One BAM-1020 Mass Monitor w/VSCC,42100,"Santa Cruz-Watsonville, CA",6,California,87,Santa Cruz,36.98332,-121.98822
07/12/2025,AQS,60870007,3,0.6,ug/m3 LC,3,Santa Cruz,1,100,88101,PM2.5 - Local Conditions,170,Met One BAM-1020 Mass Monitor w/VSCC,42100,"Santa Cruz-Watsonville, CA",6,California,87,Santa Cruz,36.98332,-121.98822
07/13/2025,AQS,60870007,3,0.4,ug/m3 LC,2,Santa Cruz,1,100,88101,PM2.5 - Local Conditions,170,Met One BAM-1020 Mass Monitor w/VSCC,42100,"Santa Cruz-Watsonville, CA",6,California,87,Santa Cruz,36.98332,-121.98822
07/14/2025,AQS,60870007,3,0.7,ug/m3 LC,4,Santa Cruz,1,100,88101,PM2.5 - Local Conditions,170,Met One BAM-1020 Mass Monitor w/VSCC,42100,"Santa Cruz-Watsonville, CA",6,California,87,Santa Cruz,36.98332,-121.98822
07/15/2025,AQS,60870007,3,0.5,ug/m3 LC,3,Santa Cruz,1,100,88101,PM2.5 - Local Conditions,170,Met One BAM-1020 Mass Monitor w/VSCC,42100,"Santa Cruz-Watsonville, CA",6,California,87,Santa Cruz,36.98332,-121.98822
07/16/2025,AQS,60870007,3,0.3,ug/m3 LC,2,Santa Cruz,1,100,88101,PM2.5 - Local Conditions,170,Met One BAM-1020 Mass Monitor w/VSCC,42100,"Santa Cruz-Watsonville, CA",6,California,87,Santa Cruz,36.98332,-121.98822
07/17/2025,AQS,60870007,3,0.2,ug/m3 LC,1,Santa Cruz,1,100,88101,PM2.5 - Local Conditions,170,Met One BAM-1020 Mass Monitor w/VSCC,42100,"Santa Cruz-Watsonville, CA",6,California,87,Santa Cruz,36.98332,-121.98822
07/18/2025,AQS,60870007,3,1.2,ug/m3 LC,7,Santa Cruz,1,100,88101,PM2.5 - Local Conditions,170,Met One BAM-1020 Mass Monitor w/VSCC,42100,"Santa Cruz-Watsonville, CA",6,California,87,Santa Cruz,36.98332,-121.98822
07/19/2025,AQS,60870007,3,1.6,ug/m3 LC,9,Santa Cruz,1,100,88101,PM2.5 - Local Conditions,170,Met One BAM-1020 Mass Monitor w/VSCC,42100,"Santa Cruz-Watsonville, CA",6,California,87,Santa Cruz,36.98332,-121.98822
07/20/2025,AQS,60870007,3,1.6,ug/m3 LC,9,Santa Cruz,1,100,88101,PM2.5 - Local Conditions,170,Met One BAM-1020 Mass Monitor w/VSCC,42100,"Santa Cruz-Watsonville, CA",6,California,87,Santa Cruz,36.98332,-121.98822
07/21/2025,AQS,60870007,3,1.6,ug/m3 LC,9,Santa Cruz,1,100,88101,PM2.5 - Local Conditions,170,Met One BAM-1020 Mass Monitor w/VSCC,42100,"Santa Cruz-Watsonville, CA",6,California,87,Santa Cruz,36.98332,-121.98822
07/22/2025,AQS,60870007,3,0,ug/m3 LC,0,Santa Cruz,1,100,88101,PM2.5 - Local Conditions,170,Met One BAM-1020 Mass Monitor w/VSCC,42100,"Santa Cruz-Watsonville, CA",6,California,87,Santa Cruz,36.98332,-121.98822
07/23/2025,AQS,60870007,3,-0.5,ug/m3 LC,0,Santa Cruz,1,100,88101,PM2.5 - Local Conditions,170,Met One BAM-1020 Mass Monitor w/VSCC,42100,"Santa Cruz-Watsonville, CA",6,California,87,Santa Cruz,36.98332,-121.98822
07/24/2025,AQS,60870007,3,-0.2,ug/m3 LC,0,Santa Cruz,1,100,88101,PM2.5 - Local Conditions,170,Met One BAM-1020 Mass Monitor w/VSCC,42100,"Santa Cruz-Watsonville, CA",6,California,87,Santa Cruz,36.98332,-121.98822
07/25/2025,AQS,60870007,3,-0.2,ug/m3 LC,0,Santa Cruz,1,100,88101,PM2.5 - Local Conditions,170,Met One BAM-1020 Mass Monitor w/VSCC,42100,"Santa Cruz-Watsonville, CA",6,California,87,Santa Cruz,36.98332,-121.98822
07/26/2025,AQS,60870007,3,0.2,ug/m3 LC,1,Santa Cruz,1,100,88101,PM2.5 - Local Conditions,170,Met One BAM-1020 Mass Monitor w/VSCC,42100,"Santa Cruz-Watsonville, CA",6,California,87,Santa Cruz,36.98332,-121.98822
07/27/2025,AQS,60870007,3,-0.5,ug/m3 LC,0,Santa Cruz,1,100,88101,PM2.5 - Local Conditions,170,Met One BAM-1020 Mass Monitor w/VSCC,42100,"Santa Cruz-Watsonville, CA",6,California,87,Santa Cruz,36.98332,-121.98822
07/28/2025,AQS,60870007,3,4.9,ug/m3 LC,27,Santa Cruz,1,100,88101,PM2.5 - Local Conditions,170,Met One BAM-1020 Mass Monitor w/VSCC,42100,"Santa Cruz-Watsonville, CA",6,California,87,Santa Cruz,36.98332,-121.98822
07/29/2025,AQS,60870007,3,3.4,ug/m3 LC,19,Santa Cruz,1,100,88101,PM2.5 - Local Conditions,170,Met One BAM-1020 Mass Monitor w/VSCC,42100,"Santa Cruz-Watsonville, CA",6,California,87,Santa Cruz,36.98332,-121.98822
07/30/2025,AQS,60870007,3,2.5,ug/m3 LC,14,Santa Cruz,1,100,88101,PM2.5 - Local Conditions,170,Met One BAM-1020 Mass Monitor w/VSCC,42100,"Santa Cruz-Watsonville, CA",6,California,87,Santa Cruz,36.98332,-121.98822
07/31/2025,AQS,60870007,3,1.5,ug/m3 LC,8,Santa Cruz,1,100,88101,PM2.5 - Local Conditions,170,Met One BAM-1020 Mass Monitor w/VSCC,42100,"Santa Cruz-Watsonville, CA",6,California,87,Santa Cruz,36.98332,-121.98822
08/01/2025,AQS,60870007,3,0.6,ug/m3 LC,3,Santa Cruz,1,100,88101,PM2.5 - Local Conditions,170,Met One BAM-1020 Mass Monitor w/VSCC,42100,"Santa Cruz-Watsonville, CA",6,California,87,Santa Cruz,36.98332,-121.98822
08/02/2025,AQS,60870007,3,0.7,ug/m3 LC,4,Santa Cruz,1,100,88101,PM2.5 - Local Conditions,170,Met One BAM-1020 Mass Monitor w/VSCC,42100,"Santa Cruz-Watsonville, CA",6,California,87,Santa Cruz,36.98332,-121.98822
08/03/2025,AQS,60870007,3,4.2,ug/m3 LC,23,Santa Cruz,1,100,88101,PM2.5 - Local Conditions,170,Met One BAM-1020 Mass Monitor w/VSCC,42100,"Santa Cruz-Watsonville, CA",6,California,87,Santa Cruz,36.98332,-121.98822
08/04/2025,AQS,60870007,3,5.7,ug/m3 LC,32,Santa Cruz,1,100,88101,PM2.5 - Local Conditions,170,Met One BAM-1020 Mass Monitor w/VSCC,42100,"Santa Cruz-Watsonville, CA",6,California,87,Santa Cruz,36.98332,-121.98822
08/05/2025,AQS,60870007,3,4.9,ug/m3 LC,27,Santa Cruz,1,100,88101,PM2.5 - Local Conditions,170,Met One BAM-1020 Mass Monitor w/VSCC,42100,"Santa Cruz-Watsonville, CA",6,California,87,Santa Cruz,36.98332,-121.98822
08/06/2025,AQS,60870007,3,3.1,ug/m3 LC,17,Santa Cruz,1,100,88101,PM2.5 - Local Conditions,170,Met One BAM-1020 Mass Monitor w/VSCC,42100,"Santa Cruz-Watsonville, CA",6,California,87,Santa Cruz,36.98332,-121.98822
08/07/2025,AQS,60870007,3,0.5,ug/m3 LC,3,Santa Cruz,1,100,88101,PM2.5 - Local Conditions,170,Met One BAM-1020 Mass Monitor w/VSCC,42100,"Santa Cruz-Watsonville, CA",6,California,87,Santa Cruz,36.98332,-121.98822
08/08/2025,AQS,60870007,3,5.3,ug/m3 LC,29,Santa Cruz,1,100,88101,PM2.5 - Local Conditions,170,Met One BAM-1020 Mass Monitor w/VSCC,42100,"Santa Cruz-Watsonville, CA",6,California,87,Santa Cruz,36.98332,-121.98822
08/09/2025,AQS,60870007,3,3,ug/m3 LC,17,Santa Cruz,1,100,88101,PM2.5 - Local Conditions,170,Met One BAM-1020 Mass Monitor w/VSCC,42100,"Santa Cruz-Watsonville, CA",6,California,87,Santa Cruz,36.98332,-121.98822
08/10/2025,AQS,60870007,3,2.2,ug/m3 LC,12,Santa Cruz,1,100,88101,PM2.5 - Local Conditions,170,Met One BAM-1020 Mass Monitor w/VSCC,42100,"Santa Cruz-Watsonville, CA",6,California,87,Santa Cruz,36.98332,-121.98822
08/11/2025,AQS,60870007,3,3.4,ug/m3 LC,19,Santa Cruz,1,100,88101,PM2.5 - Local Conditions,170,Met One BAM-1020 Mass Monitor w/VSCC,42100,"Santa Cruz-Watsonville, CA",6,California,87,Santa Cruz,36.98332,-121.98822
08/12/2025,AQS,60870007,3,2.8,ug/m3 LC,16,Santa Cruz,1,100,88101,PM2.5 - Local Conditions,170,Met One BAM-1020 Mass Monitor w/VSCC,42100,"Santa Cruz-Watsonville, CA",6,California,87,Santa Cruz,36.98332,-121.98822
08/13/2025,AQS,60870007,3,1.2,ug/m3 LC,7,Santa Cruz,1,100,88101,PM2.5 - Local Conditions,170,Met One BAM-1020 Mass Monitor w/VSCC,42100,"Santa Cruz-Watsonville, CA",6,California,87,Santa Cruz,36.98332,-121.98822
08/14/2025,AQS,60870007,3,0.2,ug/m3 LC,1,Santa Cruz,1,100,88101,PM2.5 - Local Conditions,170,Met One BAM-1020 Mass Monitor w/VSCC,42100,"Santa Cruz-Watsonville, CA",6,California,87,Santa Cruz,36.98332,-121.98822
08/15/2025,AQS,60870007,3,1.8,ug/m3 LC,10,Santa Cruz,1,100,88101,PM2.5 - Local Conditions,170,Met One BAM-1020 Mass Monitor w/VSCC,42100,"Santa Cruz-Watsonville, CA",6,California,87,Santa Cruz,36.98332,-121.98822
08/16/2025,AQS,60870007,3,-1.1,ug/m3 LC,0,Santa Cruz,1,100,88101,PM2.5 - Local Conditions,170,Met One BAM-1020 Mass Monitor w/VSCC,42100,"Santa Cruz-Watsonville, CA",6,California,87,Santa Cruz,36.98332,-121.98822
08/17/2025,AQS,60870007,3,-0.7,ug/m3 LC,0,Santa Cruz,1,100,88101,PM2.5 - Local Conditions,170,Met One BAM-1020 Mass Monitor w/VSCC,42100,"Santa Cruz-Watsonville, CA",6,California,87,Santa Cruz,36.98332,-121.98822
08/18/2025,AQS,60870007,3,1.9,ug/m3 LC,11,Santa Cruz,1,100,88101,PM2.5 - Local Conditions,170,Met One BAM-1020 Mass Monitor w/VSCC,42100,"Santa Cruz-Watsonville, CA",6,California,87,Santa Cruz,36.98332,-121.98822
08/22/2025,AQS,60870007,3,7.7,ug/m3 LC,43,Santa Cruz,1,100,88101,PM2.5 - Local Conditions,170,Met One BAM-1020 Mass Monitor w/VSCC,42100,"Santa Cruz-Watsonville, CA",6,California,87,Santa Cruz,36.98332,-121.98822
08/23/2025,AQS,60870007,3,6.7,ug/m3 LC,37,Santa Cruz,1,100,88101,PM2.5 - Local Conditions,170,Met One BAM-1020 Mass Monitor w/VSCC,42100,"Santa Cruz-Watsonville, CA",6,California,87,Santa Cruz,36.98332,-121.98822
08/24/2025,AQS,60870007,3,5.7,ug/m3 LC,32,Santa Cruz,1,100,88101,PM2.5 - Local Conditions,170,Met One BAM-1020 Mass Monitor w/VSCC,42100,"Santa Cruz-Watsonville, CA",6,California,87,Santa Cruz,36.98332,-121.98822
08/25/2025,AQS,60870007,3,5.7,ug/m3 LC,32,Santa Cruz,1,100,88101,PM2.5 - Local Conditions,170,Met One BAM-1020 Mass Monitor w/VSCC,42100,"Santa Cruz-Watsonville, CA",6,California,87,Santa Cruz,36.98332,-121.98822
08/26/2025,AQS,60870007,3,6.7,ug/m3 LC,37,Santa Cruz,1,100,88101,PM2.5 - Local Conditions,170,Met One BAM-1020 Mass Monitor w/VSCC,42100,"Santa Cruz-Watsonville, CA",6,California,87,Santa Cruz,36.98332,-121.98822
08/27/2025,AQS,60870007,3,6.8,ug/m3 LC,38,Santa Cruz,1,100,88101,PM2.5 - Local Conditions,170,Met One BAM-1020 Mass Monitor w/VSCC,42100,"Santa Cruz-Watsonville, CA",6,California,87,Santa Cruz,36.98332,-121.98822
08/28/2025,AQS,60870007,3,3.8,ug/m3 LC,21,Santa Cruz,1,100,88101,PM2.5 - Local Conditions,170,Met One BAM-1020 Mass Monitor w/VSCC,42100,"Santa Cruz-Watsonville, CA",6,California,87,Santa Cruz,36.98332,-121.98822
08/29/2025,AQS,60870007,3,4.5,ug/m3 LC,25,Santa Cruz,1,100,88101,PM2.5 - Local Conditions,170,Met One BAM-1020 Mass Monitor w/VSCC,42100,"Santa Cruz-Watsonville, CA",6,California,87,Santa Cruz,36.98332,-121.98822
08/30/2025,AQS,60870007,3,7.1,ug/m3 LC,39,Santa Cruz,1,100,88101,PM2.5 - Local Conditions,170,Met One BAM-1020 Mass Monitor w/VSCC,42100,"Santa Cruz-Watsonville, CA",6,California,87,Santa Cruz,36.98332,-121.98822
08/31/2025,AQS,60870007,3,8.5,ug/m3 LC,47,Santa Cruz,1,100,88101,PM2.5 - Local Conditions,170,Met One BAM-1020 Mass Monitor w/VSCC,42100,"Santa Cruz-Watsonville, CA",6,California,87,Santa Cruz,36.98332,-121.98822
09/01/2025,AQS,60870007,3,7.2,ug/m3 LC,40,Santa Cruz,1,100,88101,PM2.5 - Local Conditions,170,Met One BAM-1020 Mass Monitor w/VSCC,42100,"Santa Cruz-Watsonville, CA",6,California,87,Santa Cruz,36.98332,-121.98822
09/02/2025,AQS,60870007,3,3.8,ug/m3 LC,21,Santa Cruz,1,100,88101,PM2.5 - Local Conditions,170,Met One BAM-1020 Mass Monitor w/VSCC,42100,"Santa Cruz-Watsonville, CA",6,California,87,Santa Cruz,36.98332,-121.98822
09/03/2025,AQS,60870007,3,3.2,ug/m3 LC,18,Santa Cruz,1,100,88101,PM2.5 - Local Conditions,170,Met One BAM-1020 Mass Monitor w/VSCC,42100,"Santa Cruz-Watsonville, CA",6,California,87,Santa Cruz,36.98332,-121.98822
09/04/2025,AQS,60870007,3,1.7,ug/m3 LC,9,Santa Cruz,1,100,88101,PM2.5 - Local Conditions,170,Met One BAM-1020 Mass Monitor w/VSCC,42100,"Santa Cruz-Watsonville, CA",6,California,87,Santa Cruz,36.98332,-121.98822
09/05/2025,AQS,60870007,3,3.2,ug/m3 LC,18,Santa Cruz,1,100,88101,PM2.5 - Local Conditions,170,Met One BAM-1020 Mass Monitor w/VSCC,42100,"Santa Cruz-Watsonville, CA",6,California,87,Santa Cruz,36.98332,-121.98822
09/06/2025,AQS,60870007,3,3.6,ug/m3 LC,20,Santa Cruz,1,100,88101,PM2.5 - Local Conditions,170,Met One BAM-1020 Mass Monitor w/VSCC,42100,"Santa Cruz-Watsonville, CA",6,California,87,Santa Cruz,36.98332,-121.98822
09/07/2025,AQS,60870007,3,1.9,ug/m3 LC,11,Santa Cruz,1,100,88101,PM2.5 - Local Conditions,170,Met One BAM-1020 Mass Monitor w/VSCC,42100,"Santa Cruz-Watsonville, CA",6,California,87,Santa Cruz,36.98332,-121.98822
09/08/2025,AQS,60870007,3,0.7,ug/m3 LC,4,Santa Cruz,1,100,88101,PM2.5 - Local Conditions,170,Met One BAM-1020 Mass Monitor w/VSCC,42100,"Santa Cruz-Watsonville, CA",6,California,87,Santa Cruz,36.98332,-121.98822
09/09/2025,AQS,60870007,3,1.2,ug/m3 LC,7,Santa Cruz,1,100,88101,PM2.5 - Local Conditions,170,Met One BAM-1020 Mass Monitor w/VSCC,42100,"Santa Cruz-Watsonville, CA",6,California,87,Santa Cruz,36.98332,-121.98822
09/10/2025,AQS,60870007,3,2.3,ug/m3 LC,13,Santa Cruz,1,100,88101,PM2.5 - Local Conditions,170,Met One BAM-1020 Mass Monitor w/VSCC,42100,"Santa Cruz-Watsonville, CA",6,California,87,Santa Cruz,36.98332,-121.98822
09/11/2025,AQS,60870007,3,4.3,ug/m3 LC,24,Santa Cruz,1,100,88101,PM2.5 - Local Conditions,170,Met One BAM-1020 Mass Monitor w/VSCC,42100,"Santa Cruz-Watsonville, CA",6,California,87,Santa Cruz,36.98332,-121.98822
09/12/2025,AQS,60870007,3,5.7,ug/m3 LC,32,Santa Cruz,1,100,88101,PM2.5 - Local Conditions,170,Met One BAM-1020 Mass Monitor w/VSCC,42100,"Santa Cruz-Watsonville, CA",6,California,87,Santa Cruz,36.98332,-121.98822
09/13/2025,AQS,60870007,3,4.5,ug/m3 LC,25,Santa Cruz,1,100,88101,PM2.5 - Local Conditions,170,Met One BAM-1020 Mass Monitor w/VSCC,42100,"Santa Cruz-Watsonville, CA",6,California,87,Santa Cruz,36.98332,-121.98822
09/14/2025,AQS,60870007,3,1.2,ug/m3 LC,7,Santa Cruz,1,100,88101,PM2.5 - Local Conditions,170,Met One BAM-1020 Mass Monitor w/VSCC,42100,"Santa Cruz-Watsonville, CA",6,California,87,Santa Cruz,36.98332,-121.98822
09/15/2025,AQS,60870007,3,1.8,ug/m3 LC,10,Santa Cruz,1,100,88101,PM2.5 - Local Conditions,170,Met One BAM-1020 Mass Monitor w/VSCC,42100,"Santa Cruz-Watsonville, CA",6,California,87,Santa Cruz,36.98332,-121.98822
09/16/2025,AQS,60870007,3,2.7,ug/m3 LC,15,Santa Cruz,1,100,88101,PM2.5 - Local Conditions,170,Met One BAM-1020 Mass Monitor w/VSCC,42100,"Santa Cruz-Watsonville, CA",6,California,87,Santa Cruz,36.98332,-121.98822
09/17/2025,AQS,60870007,3,4.5,ug/m3 LC,25,Santa Cruz,1,100,88101,PM2.5 - Local Conditions,170,Met One BAM-1020 Mass Monitor w/VSCC,42100,"Santa Cruz-Watsonville, CA",6,California,87,Santa Cruz,36.98332,-121.98822
09/18/2025,AQS,60870007,3,7,ug/m3 LC,39,Santa Cruz,1,100,88101,PM2.5 - Local Conditions,170,Met One BAM-1020 Mass Monitor w/VSCC,42100,"Santa Cruz-Watsonville, CA",6,California,87,Santa Cruz,36.98332,-121.98822
09/19/2025,AQS,60870007,3,6.4,ug/m3 LC,36,Santa Cruz,1,100,88101,PM2.5 - Local Conditions,170,Met One BAM-1020 Mass Monitor w/VSCC,42100,"Santa Cruz-Watsonville, CA",6,California,87,Santa Cruz,36.98332,-121.98822
09/20/2025,AQS,60870007,3,5.8,ug/m3 LC,32,Santa Cruz,1,100,88101,PM2.5 - Local Conditions,170,Met One BAM-1020 Mass Monitor w/VSCC,42100,"Santa Cruz-Watsonville, CA",6,California,87,Santa Cruz,36.98332,-121.98822
09/21/2025,AQS,60870007,3,5.5,ug/m3 LC,31,Santa Cruz,1,100,88101,PM2.5 - Local Conditions,170,Met One BAM-1020 Mass Monitor w/VSCC,42100,"Santa Cruz-Watsonville, CA",6,California,87,Santa Cruz,36.98332,-121.98822
09/22/2025,AQS,60870007,3,6.9,ug/m3 LC,38,Santa Cruz,1,100,88101,PM2.5 - Local Conditions,170,Met One BAM-1020 Mass Monitor w/VSCC,42100,"Santa Cruz-Watsonville, CA",6,California,87,Santa Cruz,36.98332,-121.98822
09/23/2025,AQS,60870007,3,7.7,ug/m3 LC,43,Santa Cruz,1,100,88101,PM2.5 - Local Conditions,170,Met One BAM-1020 Mass Monitor w/VSCC,42100,"Santa Cruz-Watsonville, CA",6,California,87,Santa Cruz,36.98332,-121.98822
09/24/2025,AQS,60870007,3,7.7,ug/m3 LC,43,Santa Cruz,1,100,88101,PM2.5 - Local Conditions,170,Met One BAM-1020 Mass Monitor w/VSCC,42100,"Santa Cruz-Watsonville, CA",6,California,87,Santa Cruz,36.98332,-121.98822
09/25/2025,AQS,60870007,3,8.3,ug/m3 LC,46,Santa Cruz,1,100,88101,PM2.5 - Local Conditions,170,Met One BAM-1020 Mass Monitor w/VSCC,42100,"Santa Cruz-Watsonville, CA",6,California,87,Santa Cruz,36.98332,-121.98822
09/26/2025,AQS,60870007,3,11.3,ug/m3 LC,55,Santa Cruz,1,100,88101,PM2.5 - Local Conditions,170,Met One BAM-1020 Mass Monitor w/VSCC,42100,"Santa Cruz-Watsonville, CA",6,California,87,Santa Cruz,36.98332,-121.98822
09/27/2025,AQS,60870007,3,7.6,ug/m3 LC,42,Santa Cruz,1,100,88101,PM2.5 - Local Conditions,170,Met One BAM-1020 Mass Monitor w/VSCC,42100,"Santa Cruz-Watsonville, CA",6,California,87,Santa Cruz,36.98332,-121.98822
09/28/2025,AQS,60870007,3,4.7,ug/m3 LC,26,Santa Cruz,1,100,88101,PM2.5 - Local Conditions,170,Met One BAM-1020 Mass Monitor w/VSCC,42100,"Santa Cruz-Watsonville, CA",6,California,87,Santa Cruz,36.98332,-121.98822
09/29/2025,AQS,60870007,3,7.6,ug/m3 LC,42,Santa Cruz,1,100,88101,PM2.5 - Local Conditions,170,Met One BAM-1020 Mass Monitor w/VSCC,42100,"Santa Cruz-Watsonville, CA",6,California,87,Santa Cruz,36.98332,-121.98822
09/30/2025,AQS,60870007,3,6.1,ug/m3 LC,34,Santa Cruz,1,100,88101,PM2.5 - Local Conditions,170,Met One BAM-1020 Mass Monitor w/VSCC,42100,"Santa Cruz-Watsonville, CA",6,California,87,Santa Cruz,36.98332,-121.98822
10/01/2025,AQS,60870007,3,3.2,ug/m3 LC,18,Santa Cruz,1,100,88101,PM2.5 - Local Conditions,170,Met One BAM-1020 Mass Monitor w/VSCC,42100,"Santa Cruz-Watsonville, CA",6,California,87,Santa Cruz,36.98332,-121.98822
10/02/2025,AQS,60870007,3,4.8,ug/m3 LC,27,Santa Cruz,1,100,88101,PM2.5 - Local Conditions,170,Met One BAM-1020 Mass Monitor w/VSCC,42100,"Santa Cruz-Watsonville, CA",6,California,87,Santa Cruz,36.98332,-121.98822
10/03/2025,AQS,60870007,3,5.2,ug/m3 LC,29,Santa Cruz,1,100,88101,PM2.5 - Local Conditions,170,Met One BAM-1020 Mass Monitor w/VSCC,42100,"Santa Cruz-Watsonville, CA",6,California,87,Santa Cruz,36.98332,-121.98822
10/04/2025,AQS,60870007,3,5.7,ug/m3 LC,32,Santa Cruz,1,100,88101,PM2.5 - Local Conditions,170,Met One BAM-1020 Mass Monitor w/VSCC,42100,"Santa Cruz-Watsonville, CA",6,California,87,Santa Cruz,36.98332,-121.98822
10/05/2025,AQS,60870007,3,4.8,ug/m3 LC,27,Santa Cruz,1,100,88101,PM2.5 - Local Conditions,170,Met One BAM-1020 Mass Monitor w/VSCC,42100,"Santa Cruz-Watsonville, CA",6,California,87,Santa Cruz,36.98332,-121.98822
10/06/2025,AQS,60870007,3,6,ug/m3 LC,33,Santa Cruz,1,100,88101,PM2.5 - Local Conditions,170,Met One BAM-1020 Mass Monitor w/VSCC,42100,"Santa Cruz-Watsonville, CA",6,California,87,Santa Cruz,36.98332,-121.98822
10/07/2025,AQS,60870007,3,7.3,ug/m3 LC,41,Santa Cruz,1,100,88101,PM2.5 - Local Conditions,170,Met One BAM-1020 Mass Monitor w/VSCC,42100,"Santa Cruz-Watsonville, CA",6,California,87,Santa Cruz,36.98332,-121.98822
10/08/2025,AQS,60870007,3,6.6,ug/m3 LC,37,Santa Cruz,1,100,88101,PM2.5 - Local Conditions,170,Met One BAM-1020 Mass Monitor w/VSCC,42100,"Santa Cruz-Watsonville, CA",6,California,87,Santa Cruz,36.98332,-121.98822
10/09/2025,AQS,60870007,3,5.2,ug/m3 LC,29,Santa Cruz,1,100,88101,PM2.5 - Local Conditions,170,Met One BAM-1020 Mass Monitor w/VSCC,42100,"Santa Cruz-Watsonville, CA",6,California,87,Santa Cruz,36.98332,-121.98822
10/10/2025,AQS,60870007,3,3.2,ug/m3 LC,18,Santa Cruz,1,100,88101,PM2.5 - Local Conditions,170,Met One BAM-1020 Mass Monitor w/VSCC,42100,"Santa Cruz-Watsonville, CA",6,California,87,Santa Cruz,36.98332,-121.98822
10/11/2025,AQS,60870007,3,3,ug/m3 LC,17,Santa Cruz,1,100,88101,PM2.5 - Local Conditions,170,Met One BAM-1020 Mass Monitor w/VSCC,42100,"Santa Cruz-Watsonville, CA",6,California,87,Santa Cruz,36.98332,-121.98822
10/12/2025,AQS,60870007,3,3.8,ug/m3 LC,21,Santa Cruz,1,100,88101,PM2.5 - Local Conditions,170,Met One BAM-1020 Mass Monitor w/VSCC,42100,"Santa Cruz-Watsonville, CA",6,California,87,Santa Cruz,36.98332,-121.98822
10/13/2025,AQS,60870007,3,5.1,ug/m3 LC,28,Santa Cruz,1,100,88101,PM2.5 - Local Conditions,170,Met One BAM-1020 Mass Monitor w/VSCC,42100,"Santa Cruz-Watsonville, CA",6,California,87,Santa Cruz,36.98332,-121.98822
10/14/2025,AQS,60870007,3,4.5,ug/m3 LC,25,Santa Cruz,1,100,88101,PM2.5 - Local Conditions,170,Met One BAM-1020 Mass Monitor w/VSCC,42100,"Santa Cruz-Watsonville, CA",6,California,87,Santa Cruz,36.98332,-121.98822
10/15/2025,AQS,60870007,3,4.7,ug/m3 LC,26,Santa Cruz,1,100,88101,PM2.5 - Local Conditions,170,Met One BAM-1020 Mass Monitor w/VSCC,42100,"Santa Cruz-Watsonville, CA",6,California,87,Santa Cruz,36.98332,-121.98822
10/16/2025,AQS,60870007,3,5,ug/m3 LC,28,Santa Cruz,1,100,88101,PM2.5 - Local Conditions,170,Met One BAM-1020 Mass Monitor w/VSCC,42100,"Santa Cruz-Watsonville, CA",6,California,87,Santa Cruz,36.98332,-121.98822
10/17/2025,AQS,60870007,3,6.1,ug/m3 LC,34,Santa Cruz,1,100,88101,PM2.5 - Local Conditions,170,Met One BAM-1020 Mass Monitor w/VSCC,42100,"Santa Cruz-Watsonville, CA",6,California,87,Santa Cruz,36.98332,-121.98822
10/18/2025,AQS,60870007,3,6.3,ug/m3 LC,35,Santa Cruz,1,100,88101,PM2.5 - Local Conditions,170,Met One BAM-1020 Mass Monitor w/VSCC,42100,"Santa Cruz-Watsonville, CA",6,California,87,Santa Cruz,36.98332,-121.98822
10/19/2025,AQS,60870007,3,7.5,ug/m3 LC,42,Santa Cruz,1,100,88101,PM2.5 - Local Conditions,170,Met One BAM-1020 Mass Monitor w/VSCC,42100,"Santa Cruz-Watsonville, CA",6,California,87,Santa Cruz,36.98332,-121.98822
10/20/2025,AQS,60870007,3,8.5,ug/m3 LC,47,Santa Cruz,1,100,88101,PM2.5 - Local Conditions,170,Met One BAM-1020 Mass Monitor w/VSCC,42100,"Santa Cruz-Watsonville, CA",6,California,87,Santa Cruz,36.98332,-121.98822
10/21/2025,AQS,60870007,3,7.1,ug/m3 LC,39,Santa Cruz,1,100,88101,PM2.5 - Local Conditions,170,Met One BAM-1020 Mass Monitor w/VSCC,42100,"Santa Cruz-Watsonville, CA",6,California,87,Santa Cruz,36.98332,-121.98822
10/22/2025,AQS,60870007,3,7,ug/m3 LC,39,Santa Cruz,1,100,88101,PM2.5 - Local Conditions,170,Met One BAM-1020 Mass Monitor w/VSCC,42100,"Santa Cruz-Watsonville, CA",6,California,87,Santa Cruz,36.98332,-121.98822
10/24/2025,AQS,60870007,3,6.1,ug/m3 LC,34,Santa Cruz,1,100,88101,PM2.5 - Local Conditions,170,Met One BAM-1020 Mass Monitor w/VSCC,42100,"Santa Cruz-Watsonville, CA",6,California,87,Santa Cruz,36.98332,-121.98822
10/25/2025,AQS,60870007,3,4.2,ug/m3 LC,23,Santa Cruz,1,100,88101,PM2.5 - Local Conditions,170,Met One BAM-1020 Mass Monitor w/VSCC,42100,"Santa Cruz-Watsonville, CA",6,California,87,Santa Cruz,36.98332,-121.98822
10/26/2025,AQS,60870007,3,4,ug/m3 LC,22,Santa Cruz,1,100,88101,PM2.5 - Local Conditions,170,Met One BAM-1020 Mass Monitor w/VSCC,42100,"Santa Cruz-Watsonville, CA",6,California,87,Santa Cruz,36.98332,-121.98822
10/27/2025,AQS,60870007,3,3.8,ug/m3 LC,21,Santa Cruz,1,100,88101,PM2.5 - Local Conditions,170,Met One BAM-1020 Mass Monitor w/VSCC,42100,"Santa Cruz-Watsonville, CA",6,California,87,Santa Cruz,36.98332,-121.98822
10/28/2025,AQS,60870007,3,4.5,ug/m3 LC,25,Santa Cruz,1,100,88101,PM2.5 - Local Conditions,170,Met One BAM-1020 Mass Monitor w/VSCC,42100,"Santa Cruz-Watsonville, CA",6,California,87,Santa Cruz,36.98332,-121.98822
10/29/2025,AQS,60870007,3,5.5,ug/m3 LC,31,Santa Cruz,1,100,88101,PM2.5 - Local Conditions,170,Met One BAM-1020 Mass Monitor w/VSCC,42100,"Santa Cruz-Watsonville, CA",6,California,87,Santa Cruz,36.98332,-121.98822
10/30/2025,AQS,60870007,3,8.4,ug/m3 LC,47,Santa Cruz,1,100,88101,PM2.5 - Local Conditions,170,Met One BAM-1020 Mass Monitor w/VSCC,42100,"Santa Cruz-Watsonville, CA",6,California,87,Santa Cruz,36.98332,-121.98822
10/31/2025,AQS,60870007,3,7.2,ug/m3 LC,40,Santa Cruz,1,100,88101,PM2.5 - Local Conditions,170,Met One BAM-1020 Mass Monitor w/VSCC,42100,"Santa Cruz-Watsonville, CA",6,California,87,Santa Cruz,36.98332,-121.98822
11/01/2025,AQS,60870007,3,6.2,ug/m3 LC,34,Santa Cruz,1,100,88101,PM2.5 - Local Conditions,170,Met One BAM-1020 Mass Monitor w/VSCC,42100,"Santa Cruz-Watsonville, CA",6,California,87,Santa Cruz,36.98332,-121.98822
11/02/2025,AQS,60870007,3,6.5,ug/m3 LC,36,Santa Cruz,1,100,88101,PM2.5 - Local Conditions,170,Met One BAM-1020 Mass Monitor w/VSCC,42100,"Santa Cruz-Watsonville, CA",6,California,87,Santa Cruz,36.98332,-121.98822
11/03/2025,AQS,60870007,3,4.8,ug/m3 LC,27,Santa Cruz,1,100,88101,PM2.5 - Local Conditions,170,Met One BAM-1020 Mass Monitor w/VSCC,42100,"Santa Cruz-Watsonville, CA",6,California,87,Santa Cruz,36.98332,-121.98822
11/04/2025,AQS,60870007,3,3.9,ug/m3 LC,22,Santa Cruz,1,100,88101,PM2.5 - Local Conditions,170,Met One BAM-1020 Mass Monitor w/VSCC,42100,"Santa Cruz-Watsonville, CA",6,California,87,Santa Cruz,36.98332,-121.98822
11/05/2025,AQS,60870007,3,4.7,ug/m3 LC,26,Santa Cruz,1,100,88101,PM2.5 - Local Conditions,170,Met One BAM-1020 Mass Monitor w/VSCC,42100,"Santa Cruz-Watsonville, CA",6,California,87,Santa Cruz,36.98332,-121.98822
11/06/2025,AQS,60870007,3,4.6,ug/m3 LC,26,Santa Cruz,1,100,88101,PM2.5 - Local Conditions,170,Met One BAM-1020 Mass Monitor w/VSCC,42100,"Santa Cruz-Watsonville, CA",6,California,87,Santa Cruz,36.98332,-121.98822
11/07/2025,AQS,60870007,3,4.2,ug/m3 LC,23,Santa Cruz,1,100,88101,PM2.5 - Local Conditions,170,Met One BAM-1020 Mass Monitor w/VSCC,42100,"Santa Cruz-Watsonville, CA",6,California,87,Santa Cruz,36.98332,-121.98822
11/08/2025,AQS,60870007,3,4.6,ug/m3 LC,26,Santa Cruz,1,100,88101,PM2.5 - Local Conditions,170,Met One BAM-1020 Mass Monitor w/VSCC,42100,"Santa Cruz-Watsonville, CA",6,California,87,Santa Cruz,36.98332,-121.98822
11/09/2025,AQS,60870007,3,4.4,ug/m3 LC,24,Santa Cruz,1,100,88101,PM2.5 - Local Conditions,170,Met One BAM-1020 Mass Monitor w/VSCC,42100,"Santa Cruz-Watsonville, CA",6,California,87,Santa Cruz,36.98332,-121.98822
11/10/2025,AQS,60870007,3,6.3,ug/m3 LC,35,Santa Cruz,1,100,88101,PM2.5 - Local Conditions,170,Met One BAM-1020 Mass Monitor w/VSCC,42100,"Santa Cruz-Watsonville, CA",6,California,87,Santa Cruz,36.98332,-121.98822
11/11/2025,AQS,60870007,3,4.2,ug/m3 LC,23,Santa Cruz,1,100,88101,PM2.5 - Local Conditions,170,Met One BAM-1020 Mass Monitor w/VSCC,42100,"Santa Cruz-Watsonville, CA",6,California,87,Santa Cruz,36.98332,-121.98822
11/12/2025,AQS,60870007,3,5.4,ug/m3 LC,30,Santa Cruz,1,100,88101,PM2.5 - Local Conditions,170,Met One BAM-1020 Mass Monitor w/VSCC,42100,"Santa Cruz-Watsonville, CA",6,California,87,Santa Cruz,36.98332,-121.98822
11/13/2025,AQS,60870007,3,3.2,ug/m3 LC,18,Santa Cruz,1,100,88101,PM2.5 - Local Conditions,170,Met One BAM-1020 Mass Monitor w/VSCC,42100,"Santa Cruz-Watsonville, CA",6,California,87,Santa Cruz,36.98332,-121.98822
11/14/2025,AQS,60870007,3,3.8,ug/m3 LC,21,Santa Cruz,1,100,88101,PM2.5 - Local Conditions,170,Met One BAM-1020 Mass Monitor w/VSCC,42100,"Santa Cruz-Watsonville, CA",6,California,87,Santa Cruz,36.98332,-121.98822
11/15/2025,AQS,60870007,3,3.8,ug/m3 LC,21,Santa Cruz,1,100,88101,PM2.5 - Local Conditions,170,Met One BAM-1020 Mass Monitor w/VSCC,42100,"Santa Cruz-Watsonville, CA",6,California,87,Santa Cruz,36.98332,-121.98822
11/16/2025,AQS,60870007,3,2.2,ug/m3 LC,12,Santa Cruz,1,100,88101,PM2.5 - Local Conditions,170,Met One BAM-1020 Mass Monitor w/VSCC,42100,"Santa Cruz-Watsonville, CA",6,California,87,Santa Cruz,36.98332,-121.98822
11/17/2025,AQS,60870007,3,3.7,ug/m3 LC,21,Santa Cruz,1,100,88101,PM2.5 - Local Conditions,170,Met One BAM-1020 Mass Monitor w/VSCC,42100,"Santa Cruz-Watsonville, CA",6,California,87,Santa Cruz,36.98332,-121.98822
11/18/2025,AQS,60870007,3,3.5,ug/m3 LC,19,Santa Cruz,1,100,88101,PM2.5 - Local Conditions,170,Met One BAM-1020 Mass Monitor w/VSCC,42100,"Santa Cruz-Watsonville, CA",6,California,87,Santa Cruz,36.98332,-121.98822
11/19/2025,AQS,60870007,3,6.3,ug/m3 LC,35,Santa Cruz,1,100,88101,PM2.5 - Local Conditions,170,Met One BAM-1020 Mass Monitor w/VSCC,42100,"Santa Cruz-Watsonville, CA",6,California,87,Santa Cruz,36.98332,-121.98822
11/20/2025,AQS,60870007,3,4.8,ug/m3 LC,27,Santa Cruz,1,100,88101,PM2.5 - Local Conditions,170,Met One BAM-1020 Mass Monitor w/VSCC,42100,"Santa Cruz-Watsonville, CA",6,California,87,Santa Cruz,36.98332,-121.98822
11/21/2025,AQS,60870007,3,5.4,ug/m3 LC,30,Santa Cruz,1,100,88101,PM2.5 - Local Conditions,170,Met One BAM-1020 Mass Monitor w/VSCC,42100,"Santa Cruz-Watsonville, CA",6,California,87,Santa Cruz,36.98332,-121.98822
11/22/2025,AQS,60870007,3,5.9,ug/m3 LC,33,Santa Cruz,1,100,88101,PM2.5 - Local Conditions,170,Met One BAM-1020 Mass Monitor w/VSCC,42100,"Santa Cruz-Watsonville, CA",6,California,87,Santa Cruz,36.98332,-121.98822
11/23/2025,AQS,60870007,3,7.2,ug/m3 LC,40,Santa Cruz,1,100,88101,PM2.5 - Local Conditions,170,Met One BAM-1020 Mass Monitor w/VSCC,42100,"Santa Cruz-Watsonville, CA",6,California,87,Santa Cruz,36.98332,-121.98822
11/24/2025,AQS,60870007,3,8.1,ug/m3 LC,45,Santa Cruz,1,100,88101,PM2.5 - Local Conditions,170,Met One BAM-1020 Mass Monitor w/VSCC,42100,"Santa Cruz-Watsonville, CA",6,California,87,Santa Cruz,36.98332,-121.98822
11/25/2025,AQS,60870007,3,6.6,ug/m3 LC,37,Santa Cruz,1,100,88101,PM2.5 - Local Conditions,170,Met One BAM-1020 Mass Monitor w/VSCC,42100,"Santa Cruz-Watsonville, CA",6,California,87,Santa Cruz,36.98332,-121.98822
11/26/2025,AQS,60870007,3,8,ug/m3 LC,44,Santa Cruz,1,100,88101,PM2.5 - Local Conditions,170,Met One BAM-1020 Mass Monitor w/VSCC,42100,"Santa Cruz-Watsonville, CA",6,California,87,Santa Cruz,36.98332,-121.98822
11/27/2025,AQS,60870007,3,6.5,ug/m3 LC,36,Santa Cruz,1,100,88101,PM2.5 - Local Conditions,170,Met One BAM-1020 Mass Monitor w/VSCC,42100,"Santa Cruz-Watsonville, CA",6,California,87,Santa Cruz,36.98332,-121.98822
11/28/2025,AQS,60870007,3,9.4,ug/m3 LC,52,Santa Cruz,1,100,88101,PM2.5 - Local Conditions,170,Met One BAM-1020 Mass Monitor w/VSCC,42100,"Santa Cruz-Watsonville, CA",6,California,87,Santa Cruz,36.98332,-121.98822
11/29/2025,AQS,60870007,3,7.9,ug/m3 LC,44,Santa Cruz,1,100,88101,PM2.5 - Local Conditions,170,Met One BAM-1020 Mass Monitor w/VSCC,42100,"Santa Cruz-Watsonville, CA",6,California,87,Santa Cruz,36.98332,-121.98822
11/30/2025,AQS,60870007,3,10,ug/m3 LC,53,Santa Cruz,1,100,88101,PM2.5 - Local Conditions,170,Met One BAM-1020 Mass Monitor w/VSCC,42100,"Santa Cruz-Watsonville, CA",6,California,87,Santa Cruz,36.98332,-121.98822
12/01/2025,AQS,60870007,3,8.6,ug/m3 LC,48,Santa Cruz,1,100,88101,PM2.5 - Local Conditions,170,Met One BAM-1020 Mass Monitor w/VSCC,42100,"Santa Cruz-Watsonville, CA",6,California,87,Santa Cruz,36.98332,-121.98822
12/02/2025,AQS,60870007,3,8.2,ug/m3 LC,46,Santa Cruz,1,100,88101,PM2.5 - Local Conditions,170,Met One BAM-1020 Mass Monitor w/VSCC,42100,"Santa Cruz-Watsonville, CA",6,California,87,Santa Cruz,36.98332,-121.98822
12/03/2025,AQS,60870007,3,8.4,ug/m3 LC,47,Santa Cruz,1,100,88101,PM2.5 - Local Conditions,170,Met One BAM-1020 Mass Monitor w/VSCC,42100,"Santa Cruz-Watsonville, CA",6,California,87,Santa Cruz,36.98332,-121.98822
12/04/2025,AQS,60870007,3,7.2,ug/m3 LC,40,Santa Cruz,1,100,88101,PM2.5 - Local Conditions,170,Met One BAM-1020 Mass Monitor w/VSCC,42100,"Santa Cruz-Watsonville, CA",6,California,87,Santa Cruz,36.98332,-121.98822
12/05/2025,AQS,60870007,3,8.9,ug/m3 LC,49,Santa Cruz,1,100,88101,PM2.5 - Local Conditions,170,Met One BAM-1020 Mass Monitor w/VSCC,42100,"Santa Cruz-Watsonville, CA",6,California,87,Santa Cruz,36.98332,-121.98822
12/06/2025,AQS,60870007,3,10.4,ug/m3 LC,53,Santa Cruz,1,100,88101,PM2.5 - Local Conditions,170,Met One BAM-1020 Mass Monitor w/VSCC,42100,"Santa Cruz-Watsonville, CA",6,California,87,Santa Cruz,36.98332,-121.98822
12/07/2025,AQS,60870007,3,7.8,ug/m3 LC,43,Santa Cruz,1,100,88101,PM2.5 - Local Conditions,170,Met One BAM-1020 Mass Monitor w/VSCC,42100,"Santa Cruz-Watsonville, CA",6,California,87,Santa Cruz,36.98332,-121.98822
12/08/2025,AQS,60870007,3,7.4,ug/m3 LC,41,Santa Cruz,1,100,88101,PM2.5 - Local Conditions,170,Met One BAM-1020 Mass Monitor w/VSCC,42100,"Santa Cruz-Watsonville, CA",6,California,87,Santa Cruz,36.98332,-121.98822
12/09/2025,AQS,60870007,3,6.8,ug/m3 LC,38,Santa Cruz,1,100,88101,PM2.5 - Local Conditions,170,Met One BAM-1020 Mass Monitor w/VSCC,42100,"Santa Cruz-Watsonville, CA",6,California,87,Santa Cruz,36.98332,-121.98822
12/10/2025,AQS,60870007,3,7.8,ug/m3 LC,43,Santa Cruz,1,100,88101,PM2.5 - Local Conditions,170,Met One BAM-1020 Mass Monitor w/VSCC,42100,"Santa Cruz-Watsonville, CA",6,California,87,Santa Cruz,36.98332,-121.98822
12/11/2025,AQS,60870007,3,6,ug/m3 LC,33,Santa Cruz,1,100,88101,PM2.5 - Local Conditions,170,Met One BAM-1020 Mass Monitor w/VSCC,42100,"Santa Cruz-Watsonville, CA",6,California,87,Santa Cruz,36.98332,-121.98822
12/12/2025,AQS,60870007,3,5.2,ug/m3 LC,29,Santa Cruz,1,100,88101,PM2.5 - Local Conditions,170,Met One BAM-1020 Mass Monitor w/VSCC,42100,"Santa Cruz-Watsonville, CA",6,California,87,Santa Cruz,36.98332,-121.98822
12/13/2025,AQS,60870007,3,5.8,ug/m3 LC,32,Santa Cruz,1,100,88101,PM2.5 - Local Conditions,170,Met One BAM-1020 Mass Monitor w/VSCC,42100,"Santa Cruz-Watsonville, CA",6,California,87,Santa Cruz,36.98332,-121.98822
12/14/2025,AQS,60870007,3,7.6,ug/m3 LC,42,Santa Cruz,1,100,88101,PM2.5 - Local Conditions,170,Met One BAM-1020 Mass Monitor w/VSCC,42100,"Santa Cruz-Watsonville, CA",6,California,87,Santa Cruz,36.98332,-121.98822
12/15/2025,AQS,60870007,3,9.1,ug/m3 LC,51,Santa Cruz,1,100,88101,PM2.5 - Local Conditions,170,Met One BAM-1020 Mass Monitor w/VSCC,42100,"Santa Cruz-Watsonville, CA",6,California,87,Santa Cruz,36.98332,-121.98822
12/16/2025,AQS,60870007,3,7.2,ug/m3 LC,40,Santa Cruz,1,100,88101,PM2.5 - Local Conditions,170,Met One BAM-1020 Mass Monitor w/VSCC,42100,"Santa Cruz-Watsonville, CA",6,California,87,Santa Cruz,36.98332,-121.98822
12/17/2025,AQS,60870007,3,6.5,ug/m3 LC,36,Santa Cruz,1,100,88101,PM2.5 - Local Conditions,170,Met One BAM-1020 Mass Monitor w/VSCC,42100,"Santa Cruz-Watsonville, CA",6,California,87,Santa Cruz,36.98332,-121.98822
12/18/2025,AQS,60870007,3,4.5,ug/m3 LC,25,Santa Cruz,1,100,88101,PM2.5 - Local Conditions,170,Met One BAM-1020 Mass Monitor w/VSCC,42100,"Santa Cruz-Watsonville, CA",6,California,87,Santa Cruz,36.98332,-121.98822
12/19/2025,AQS,60870007,3,6.8,ug/m3 LC,38,Santa Cruz,1,100,88101,PM2.5 - Local Conditions,170,Met One BAM-1020 Mass Monitor w/VSCC,42100,"Santa Cruz-Watsonville, CA",6,California,87,Santa Cruz,36.98332,-121.98822
12/20/2025,AQS,60870007,3,3.2,ug/m3 LC,18,Santa Cruz,1,100,88101,PM2.5 - Local Conditions,170,Met One BAM-1020 Mass Monitor w/VSCC,42100,"Santa Cruz-Watsonville, CA",6,California,87,Santa Cruz,36.98332,-121.98822
12/21/2025,AQS,60870007,3,2.7,ug/m3 LC,15,Santa Cruz,1,100,88101,PM2.5 - Local Conditions,170,Met One BAM-1020 Mass Monitor w/VSCC,42100,"Santa Cruz-Watsonville, CA",6,California,87,Santa Cruz,36.98332,-121.98822
12/22/2025,AQS,60870007,3,3.9,ug/m3 LC,22,Santa Cruz,1,100,88101,PM2.5 - Local Conditions,170,Met One BAM-1020 Mass Monitor w/VSCC,42100,"Santa Cruz-Watsonville, CA",6,California,87,Santa Cruz,36.98332,-121.98822
12/23/2025,AQS,60870007,3,3.7,ug/m3 LC,21,Santa Cruz,1,100,88101,PM2.5 - Local Conditions,170,Met One BAM-1020 Mass Monitor w/VSCC,42100,"Santa Cruz-Watsonville, CA",6,California,87,Santa Cruz,36.98332,-121.98822
12/24/2025,AQS,60870007,3,5.5,ug/m3 LC,31,Santa Cruz,1,100,88101,PM2.5 - Local Conditions,170,Met One BAM-1020 Mass Monitor w/VSCC,42100,"Santa Cruz-Watsonville, CA",6,California,87,Santa Cruz,36.98332,-121.98822
12/25/2025,AQS,60870007,3,8.6,ug/m3 LC,48,Santa Cruz,1,100,88101,PM2.5 - Local Conditions,170,Met One BAM-1020 Mass Monitor w/VSCC,42100,"Santa Cruz-Watsonville, CA",6,California,87,Santa Cruz,36.98332,-121.98822
12/26/2025,AQS,60870007,3,5.9,ug/m3 LC,33,Santa Cruz,1,100,88101,PM2.5 - Local Conditions,170,Met One BAM-1020 Mass Monitor w/VSCC,42100,"Santa Cruz-Watsonville, CA",6,California,87,Santa Cruz,36.98332,-121.98822
12/27/2025,AQS,60870007,3,4.5,ug/m3 LC,25,Santa Cruz,1,100,88101,PM2.5 - Local Conditions,170,Met One BAM-1020 Mass Monitor w/VSCC,42100,"Santa Cruz-Watsonville, CA",6,California,87,Santa Cruz,36.98332,-121.98822
12/28/2025,AQS,60870007,3,4.8,ug/m3 LC,27,Santa Cruz,1,100,88101,PM2.5 - Local Conditions,170,Met One BAM-1020 Mass Monitor w/VSCC,42100,"Santa Cruz-Watsonville, CA",6,California,87,Santa Cruz,36.98332,-121.98822
12/29/2025,AQS,60870007,3,4.4,ug/m3 LC,24,Santa Cruz,1,100,88101,PM2.5 - Local Conditions,170,Met One BAM-1020 Mass Monitor w/VSCC,42100,"Santa Cruz-Watsonville, CA",6,California,87,Santa Cruz,36.98332,-121.98822
12/30/2025,AQS,60870007,3,6.3,ug/m3 LC,35,Santa Cruz,1,100,88101,PM2.5 - Local Conditions,170,Met One BAM-1020 Mass Monitor w/VSCC,42100,"Santa Cruz-Watsonville, CA",6,California,87,Santa Cruz,36.98332,-121.98822
12/31/2025,AQS,60870007,3,6.4,ug/m3 LC,36,Santa Cruz,1,100,88101,PM2.5 - Local Conditions,170,Met One BAM-1020 Mass Monitor w/VSCC,42100,"Santa Cruz-Watsonville, CA",6,California,87,Santa Cruz,36.98332,-121.98822